<?xml version="1.0" encoding="UTF-8" standalone="no" ?><gpx xmlns="http://www.topografix.com/GPX/1/1" xmlns:gpxx="http://www.garmin.com/xmlschemas/GpxExtensions/v3" ><trk><trkseg><trkpt lat="49.6991490573" lon="19.5601762924"></trkpt><trkpt lat="49.6988918167" lon="19.5599278528"></trkpt><trkpt lat="49.6991240792" lon="19.5602451917"></trkpt><trkpt lat="49.6992476285" lon="19.5606944617"></trkpt><trkpt lat="49.6997694019" lon="19.5604810584"></trkpt><trkpt lat="49.7002060991" lon="19.560478963"></trkpt><trkpt lat="49.7000803705" lon="19.5610920992"></trkpt><trkpt lat="49.7003579792" lon="19.5608661231"></trkpt><trkpt lat="49.7006689478" lon="19.5606744289"></trkpt><trkpt lat="49.7004102822" lon="19.561521085"></trkpt><trkpt lat="49.7002424765" lon="19.5619005337"></trkpt><trkpt lat="49.6997772809" lon="19.5625141729"></trkpt><trkpt lat="49.6994819865" lon="19.562989343"></trkpt><trkpt lat="49.699166324" lon="19.5636286307"></trkpt><trkpt lat="49.6982229408" lon="19.5648619439"></trkpt><trkpt lat="49.6980191767" lon="19.5652590785"></trkpt><trkpt lat="49.6978619322" lon="19.565937845"></trkpt><trkpt lat="49.6976554859" lon="19.5662235003"></trkpt><trkpt lat="49.6973711718" lon="19.5664425194"></trkpt><trkpt lat="49.6970248315" lon="19.5671021752"></trkpt><trkpt lat="49.6960397065" lon="19.5695238747"></trkpt><trkpt lat="49.6958293207" lon="19.5701900683"></trkpt><trkpt lat="49.6952499636" lon="19.5716201048"></trkpt><trkpt lat="49.6948284376" lon="19.5721362624"></trkpt><trkpt lat="49.6937294025" lon="19.573240662"></trkpt><trkpt lat="49.6934241336" lon="19.5730390772"></trkpt><trkpt lat="49.6925248392" lon="19.5721399505"></trkpt><trkpt lat="49.6915994771" lon="19.5708539989"></trkpt><trkpt lat="49.6853234433" lon="19.5595442131"></trkpt><trkpt lat="49.6854044963" lon="19.558683224"></trkpt><trkpt lat="49.685757542" lon="19.5575751364"></trkpt><trkpt lat="49.6859711967" lon="19.5571619924"></trkpt><trkpt lat="49.6866243985" lon="19.5565808751"></trkpt><trkpt lat="49.6930486243" lon="19.5520482771"></trkpt><trkpt lat="49.6934068669" lon="19.5519165974"></trkpt><trkpt lat="49.6936336812" lon="19.5516593568"></trkpt><trkpt lat="49.6938708052" lon="19.5513283554"></trkpt><trkpt lat="49.6940526087" lon="19.550975645"></trkpt><trkpt lat="49.6942278743" lon="19.5505656861"></trkpt><trkpt lat="49.6943624876" lon="19.5501041785"></trkpt><trkpt lat="49.6945756394" lon="19.5486878045"></trkpt><trkpt lat="49.6947576106" lon="19.5482822042"></trkpt><trkpt lat="49.6955181845" lon="19.5472861826"></trkpt><trkpt lat="49.696597103" lon="19.5462128799"></trkpt><trkpt lat="49.7065898404" lon="19.5342108328"></trkpt><trkpt lat="49.7075053118" lon="19.5325713325"></trkpt><trkpt lat="49.707868835" lon="19.5320696756"></trkpt><trkpt lat="49.7082150914" lon="19.531452097"></trkpt><trkpt lat="49.7084251419" lon="19.5304373838"></trkpt><trkpt lat="49.7090713866" lon="19.5298565179"></trkpt><trkpt lat="49.7107848991" lon="19.5279243216"></trkpt><trkpt lat="49.7112955246" lon="19.5272126142"></trkpt><trkpt lat="49.7114763223" lon="19.5267532021"></trkpt><trkpt lat="49.7116154619" lon="19.5255273487"></trkpt><trkpt lat="49.7119487263" lon="19.5245667826"></trkpt><trkpt lat="49.7132454906" lon="19.521635212"></trkpt><trkpt lat="49.713912271" lon="19.5206810161"></trkpt><trkpt lat="49.7142223176" lon="19.5204575546"></trkpt><trkpt lat="49.7150684707" lon="19.5207311399"></trkpt><trkpt lat="49.7164886165" lon="19.521464305"></trkpt><trkpt lat="49.7178864665" lon="19.5225292258"></trkpt><trkpt lat="49.7186713479" lon="19.5229694434"></trkpt><trkpt lat="49.7219739016" lon="19.5239927899"></trkpt><trkpt lat="49.7228594497" lon="19.5244371984"></trkpt><trkpt lat="49.7277015913" lon="19.5260791294"></trkpt><trkpt lat="49.7290156223" lon="19.5259043667"></trkpt><trkpt lat="49.7298465203" lon="19.5253890473"></trkpt><trkpt lat="49.731345037" lon="19.524207199"></trkpt><trkpt lat="49.7321820538" lon="19.5236881077"></trkpt><trkpt lat="49.7323381249" lon="19.524518922"></trkpt><trkpt lat="49.732618751" lon="19.5252978522"></trkpt><trkpt lat="49.7332426999" lon="19.5261507947"></trkpt><trkpt lat="49.7345641907" lon="19.5284344442"></trkpt><trkpt lat="49.7353560291" lon="19.5300780516"></trkpt><trkpt lat="49.7352409456" lon="19.530589683"></trkpt><trkpt lat="49.7347626742" lon="19.5317316335"></trkpt><trkpt lat="49.7346255463" lon="19.5322056301"></trkpt><trkpt lat="49.7346470039" lon="19.5327087957"></trkpt><trkpt lat="49.7347890772" lon="19.533203328"></trkpt><trkpt lat="49.7366491891" lon="19.5421563741"></trkpt><trkpt lat="49.7365963832" lon="19.5432337839"></trkpt><trkpt lat="49.7369043343" lon="19.5676661097"></trkpt><trkpt lat="49.7374994494" lon="19.5701815188"></trkpt><trkpt lat="49.7420742922" lon="19.5971775334"></trkpt><trkpt lat="49.7421562672" lon="19.5990430098"></trkpt><trkpt lat="49.7421074007" lon="19.6000024024"></trkpt><trkpt lat="49.7418122739" lon="19.6022654325"></trkpt><trkpt lat="49.7409172542" lon="19.6035313513"></trkpt><trkpt lat="49.7389596608" lon="19.6069220826"></trkpt><trkpt lat="49.7392908297" lon="19.6074882802"></trkpt><trkpt lat="49.739567684" lon="19.6074898727"></trkpt><trkpt lat="49.7399825044" lon="19.6064850502"></trkpt><trkpt lat="49.7401958238" lon="19.6061812062"></trkpt><trkpt lat="49.7412599903" lon="19.605281828"></trkpt><trkpt lat="49.743009042" lon="19.6041037515"></trkpt><trkpt lat="49.7443273477" lon="19.6035260707"></trkpt><trkpt lat="49.7456014808" lon="19.6035198681"></trkpt><trkpt lat="49.7469843272" lon="19.6040254645"></trkpt><trkpt lat="49.7530470416" lon="19.6045724675"></trkpt><trkpt lat="49.7549535893" lon="19.603926139"></trkpt><trkpt lat="49.7576413304" lon="19.6035885159"></trkpt><trkpt lat="49.7591852769" lon="19.6031301934"></trkpt><trkpt lat="49.7602130659" lon="19.6020361874"></trkpt><trkpt lat="49.7609982826" lon="19.6005251817"></trkpt><trkpt lat="49.7654478997" lon="19.594568247"></trkpt><trkpt lat="49.7659741156" lon="19.5940295421"></trkpt><trkpt lat="49.7662632912" lon="19.5938717108"></trkpt><trkpt lat="49.7664362099" lon="19.5942451246"></trkpt><trkpt lat="49.7669404652" lon="19.5958046615"></trkpt><trkpt lat="49.7714410443" lon="19.6065501776"></trkpt><trkpt lat="49.7723553423" lon="19.6082029212"></trkpt><trkpt lat="49.7726329509" lon="19.6092297882"></trkpt><trkpt lat="49.7727643792" lon="19.6104151569"></trkpt><trkpt lat="49.7727776226" lon="19.6116861049"></trkpt><trkpt lat="49.7726587672" lon="19.6135358233"></trkpt><trkpt lat="49.7725113295" lon="19.6140556689"></trkpt><trkpt lat="49.7723131813" lon="19.6145134047"></trkpt><trkpt lat="49.771223031" lon="19.6161780506"></trkpt><trkpt lat="49.7709925286" lon="19.6166052762"></trkpt><trkpt lat="49.7706215456" lon="19.6185342874"></trkpt><trkpt lat="49.7689316701" lon="19.623783119"></trkpt><trkpt lat="49.7684128303" lon="19.6259925049"></trkpt><trkpt lat="49.7684340365" lon="19.6265017893"></trkpt><trkpt lat="49.7688327637" lon="19.6298934426"></trkpt><trkpt lat="49.7689088713" lon="19.6319328435"></trkpt><trkpt lat="49.7692866437" lon="19.6341437381"></trkpt><trkpt lat="49.788691001" lon="19.7168731224"></trkpt><trkpt lat="49.7891688533" lon="19.7173158545"></trkpt><trkpt lat="49.7902607638" lon="19.7180815414"></trkpt><trkpt lat="49.7904953733" lon="19.7183590662"></trkpt><trkpt lat="49.7909338307" lon="19.7190869506"></trkpt><trkpt lat="49.7916995175" lon="19.7201179247"></trkpt><trkpt lat="49.7923173476" lon="19.7205945197"></trkpt><trkpt lat="49.7930894047" lon="19.7216504719"></trkpt><trkpt lat="49.7937267646" lon="19.722765265"></trkpt><trkpt lat="49.7947862372" lon="19.7251165565"></trkpt><trkpt lat="49.7948957887" lon="19.7256182134"></trkpt><trkpt lat="49.7951455694" lon="19.7260330338"></trkpt><trkpt lat="49.7970931884" lon="19.7301042918"></trkpt><trkpt lat="49.7973059211" lon="19.7306683101"></trkpt><trkpt lat="49.7974370141" lon="19.7313468251"></trkpt><trkpt lat="49.7976280376" lon="19.7317723744"></trkpt><trkpt lat="49.797930792" lon="19.732125923"></trkpt><trkpt lat="49.8001323827" lon="19.7340567783"></trkpt><trkpt lat="49.8003634717" lon="19.7344358079"></trkpt><trkpt lat="49.8011444975" lon="19.7363281064"></trkpt><trkpt lat="49.8069841694" lon="19.7543945443"></trkpt><trkpt lat="49.8070627917" lon="19.7550412919"></trkpt><trkpt lat="49.8069726024" lon="19.7554972675"></trkpt><trkpt lat="49.8064585403" lon="19.7564660478"></trkpt><trkpt lat="49.8063821811" lon="19.7569409665"></trkpt><trkpt lat="49.8064807523" lon="19.7574453894"></trkpt><trkpt lat="49.8066851869" lon="19.7579130996"></trkpt><trkpt lat="49.8073494527" lon="19.759132918"></trkpt><trkpt lat="49.8076237086" lon="19.7593479976"></trkpt><trkpt lat="49.8079200089" lon="19.7594711278"></trkpt><trkpt lat="49.808167275" lon="19.7597144544"></trkpt><trkpt lat="49.8084888048" lon="19.7606265731"></trkpt><trkpt lat="49.8085432872" lon="19.7611727379"></trkpt><trkpt lat="49.8081923369" lon="19.7620687634"></trkpt><trkpt lat="49.8081826977" lon="19.7630295809"></trkpt><trkpt lat="49.8081305623" lon="19.7637907416"></trkpt><trkpt lat="49.8080112878" lon="19.7645018622"></trkpt><trkpt lat="49.8078581505" lon="19.7650985699"></trkpt><trkpt lat="49.8075723276" lon="19.765750682"></trkpt><trkpt lat="49.807191873" lon="19.7664162889"></trkpt><trkpt lat="49.8069094028" lon="19.7664457932"></trkpt><trkpt lat="49.8046577722" lon="19.7670134995"></trkpt><trkpt lat="49.8044675868" lon="19.7674558964"></trkpt><trkpt lat="49.8044405971" lon="19.767977586"></trkpt><trkpt lat="49.8045761324" lon="19.7683672607"></trkpt><trkpt lat="49.8049000092" lon="19.7687662393"></trkpt><trkpt lat="49.8059874773" lon="19.770374056"></trkpt><trkpt lat="49.8064352386" lon="19.7712014336"></trkpt><trkpt lat="49.8117955495" lon="19.7794493102"></trkpt><trkpt lat="49.8122501839" lon="19.7804639395"></trkpt><trkpt lat="49.813064402" lon="19.7816699278"></trkpt><trkpt lat="49.8139377125" lon="19.7827255446"></trkpt><trkpt lat="49.8150669225" lon="19.7830538638"></trkpt><trkpt lat="49.8161507864" lon="19.7835281119"></trkpt><trkpt lat="49.8165153153" lon="19.783578068"></trkpt><trkpt lat="49.8167996295" lon="19.7833229229"></trkpt><trkpt lat="49.818182895" lon="19.7824234609"></trkpt><trkpt lat="49.8185686301" lon="19.7825964633"></trkpt><trkpt lat="49.8201090563" lon="19.7836856078"></trkpt><trkpt lat="49.8211598955" lon="19.7846854851"></trkpt><trkpt lat="49.8219145183" lon="19.7858526651"></trkpt><trkpt lat="49.8224761058" lon="19.7870491818"></trkpt><trkpt lat="49.8251133878" lon="19.7911021672"></trkpt><trkpt lat="49.8254292179" lon="19.79168538"></trkpt><trkpt lat="49.8256748077" lon="19.7932127304"></trkpt><trkpt lat="49.8258343991" lon="19.7936543729"></trkpt><trkpt lat="49.8261110019" lon="19.7939849552"></trkpt><trkpt lat="49.827776067" lon="19.7949352954"></trkpt><trkpt lat="49.8285994213" lon="19.7950391471"></trkpt><trkpt lat="49.8302286956" lon="19.7955128923"></trkpt><trkpt lat="49.8366835155" lon="19.7987657413"></trkpt><trkpt lat="49.8369754571" lon="19.7990144324"></trkpt><trkpt lat="49.8382020649" lon="19.7993797995"></trkpt><trkpt lat="49.8390928935" lon="19.8000291456"></trkpt><trkpt lat="49.8399851471" lon="19.8011592776"></trkpt><trkpt lat="49.8402391188" lon="19.8013738543"></trkpt><trkpt lat="49.8405434657" lon="19.8014469445"></trkpt><trkpt lat="49.8410145286" lon="19.8014840763"></trkpt><trkpt lat="49.8412280157" lon="19.8018675484"></trkpt><trkpt lat="49.8413091525" lon="19.802513374"></trkpt><trkpt lat="49.8415259086" lon="19.8027799185"></trkpt><trkpt lat="49.8418301716" lon="19.8027383443"></trkpt><trkpt lat="49.8424609937" lon="19.8025026452"></trkpt><trkpt lat="49.8427610658" lon="19.8022184148"></trkpt><trkpt lat="49.8443771806" lon="19.8014765326"></trkpt><trkpt lat="49.8462948762" lon="19.8020509444"></trkpt><trkpt lat="49.878620021" lon="19.7973776981"></trkpt><trkpt lat="49.8791667726" lon="19.7993726749"></trkpt><trkpt lat="49.8823073879" lon="19.8072227463"></trkpt><trkpt lat="49.897978697" lon="19.8396275192"></trkpt><trkpt lat="49.9058218114" lon="19.8593039531"></trkpt><trkpt lat="49.9073163886" lon="19.8640509602"></trkpt><trkpt lat="49.9074783269" lon="19.8650997039"></trkpt><trkpt lat="49.9089886621" lon="19.8708418943"></trkpt><trkpt lat="49.9094696157" lon="19.8711946886"></trkpt><trkpt lat="49.9099792354" lon="19.8713847902"></trkpt><trkpt lat="49.910431942" lon="19.8714323156"></trkpt><trkpt lat="49.9108235445" lon="19.8712659348"></trkpt><trkpt lat="49.9111417215" lon="19.8710445687"></trkpt><trkpt lat="49.9114847928" lon="19.8711527791"></trkpt><trkpt lat="49.9117168877" lon="19.8713710438"></trkpt><trkpt lat="49.9176612496" lon="19.8782355711"></trkpt><trkpt lat="49.9180619046" lon="19.8790844902"></trkpt><trkpt lat="49.9183365796" lon="19.8794799484"></trkpt><trkpt lat="49.9188198801" lon="19.8800112773"></trkpt><trkpt lat="49.9204442091" lon="19.8814369552"></trkpt><trkpt lat="49.9227177165" lon="19.8829356395"></trkpt><trkpt lat="49.9234031048" lon="19.8829265032"></trkpt><trkpt lat="49.9265815224" lon="19.8835605104"></trkpt><trkpt lat="49.9277530611" lon="19.884124361"></trkpt><trkpt lat="49.930662252" lon="19.8866126966"></trkpt><trkpt lat="49.9311763979" lon="19.887402188"></trkpt><trkpt lat="49.9330883101" lon="19.8897899408"></trkpt><trkpt lat="49.933450073" lon="19.8901516199"></trkpt><trkpt lat="49.934102688" lon="19.8909390997"></trkpt><trkpt lat="49.9347169138" lon="19.892251119"></trkpt><trkpt lat="49.9350098614" lon="19.8931046482"></trkpt><trkpt lat="49.9355536792" lon="19.8943475168"></trkpt><trkpt lat="49.9358419329" lon="19.8946951143"></trkpt><trkpt lat="49.936178131" lon="19.8949604016"></trkpt><trkpt lat="49.9365728348" lon="19.8951742239"></trkpt><trkpt lat="49.9373232666" lon="19.8954010382"></trkpt><trkpt lat="49.938108651" lon="19.8953503277"></trkpt><trkpt lat="49.9393753242" lon="19.8946982156"></trkpt><trkpt lat="49.9532455299" lon="19.8901444115"></trkpt><trkpt lat="49.9544049148" lon="19.8900776915"></trkpt><trkpt lat="49.9550202303" lon="19.8898358736"></trkpt><trkpt lat="49.9595068116" lon="19.8888143711"></trkpt><trkpt lat="49.9598333705" lon="19.8890761379"></trkpt><trkpt lat="49.960100418" lon="19.8893852625"></trkpt><trkpt lat="49.9603448343" lon="19.8897689022"></trkpt><trkpt lat="49.9618962407" lon="19.8927697912"></trkpt><trkpt lat="49.9650406279" lon="19.8977506533"></trkpt><trkpt lat="49.9655182287" lon="19.8981343769"></trkpt><trkpt lat="49.9658095837" lon="19.8984508775"></trkpt><trkpt lat="49.9660702609" lon="19.8988658655"></trkpt><trkpt lat="49.9662884418" lon="19.8993604816"></trkpt><trkpt lat="49.9665733427" lon="19.900203282"></trkpt><trkpt lat="49.9685803056" lon="19.9047440104"></trkpt><trkpt lat="49.9690997321" lon="19.9051076174"></trkpt><trkpt lat="49.9694681168" lon="19.9052972998"></trkpt><trkpt lat="50.1679970138" lon="19.977911571"></trkpt><trkpt lat="50.1690657064" lon="19.9779020157"></trkpt><trkpt lat="50.1724078227" lon="19.978508614"></trkpt><trkpt lat="50.1730875112" lon="19.979392821"></trkpt><trkpt lat="50.1733515412" lon="19.979984751"></trkpt><trkpt lat="50.1734765153" lon="19.9804149941"></trkpt><trkpt lat="50.1735592447" lon="19.9808716401"></trkpt><trkpt lat="50.1736788545" lon="19.9831728917"></trkpt><trkpt lat="50.1739376877" lon="19.9846218713"></trkpt><trkpt lat="50.1741493307" lon="19.9852948543"></trkpt><trkpt lat="50.1748519856" lon="19.9868714064"></trkpt><trkpt lat="50.1751980744" lon="19.9872988835"></trkpt><trkpt lat="50.1755923592" lon="19.987634914"></trkpt><trkpt lat="50.2215493284" lon="20.035726754"></trkpt><trkpt lat="50.2222026139" lon="20.037453007"></trkpt><trkpt lat="50.2352746949" lon="20.0802075025"></trkpt><trkpt lat="50.2356076241" lon="20.0808511488"></trkpt><trkpt lat="50.2358998172" lon="20.0810142606"></trkpt><trkpt lat="50.2366752271" lon="20.0812224671"></trkpt><trkpt lat="50.248267483" lon="20.0861813687"></trkpt><trkpt lat="50.2483918704" lon="20.0871159509"></trkpt><trkpt lat="50.2485315967" lon="20.087489197"></trkpt><trkpt lat="50.2487455029" lon="20.0877759419"></trkpt><trkpt lat="50.2490253747" lon="20.0879481062"></trkpt><trkpt lat="50.2493070904" lon="20.088017676"></trkpt><trkpt lat="50.2515822742" lon="20.0882595778"></trkpt><trkpt lat="50.2528833132" lon="20.0878904387"></trkpt><trkpt lat="50.254007075" lon="20.0867289584"></trkpt><trkpt lat="50.2923376858" lon="20.0390011445"></trkpt><trkpt lat="50.2925291285" lon="20.0384815503"></trkpt><trkpt lat="50.292799864" lon="20.0379969086"></trkpt><trkpt lat="50.2931087371" lon="20.0375971757"></trkpt><trkpt lat="50.2936346177" lon="20.037076911"></trkpt><trkpt lat="50.2971248422" lon="20.0343361963"></trkpt><trkpt lat="50.2974829171" lon="20.0344207697"></trkpt><trkpt lat="50.2978420816" lon="20.0345866475"></trkpt><trkpt lat="50.3130958881" lon="20.0393497478"></trkpt><trkpt lat="50.3230165411" lon="20.034632748"></trkpt><trkpt lat="50.3237417433" lon="20.0339945499"></trkpt><trkpt lat="50.3246583883" lon="20.0334321242"></trkpt><trkpt lat="50.3257461917" lon="20.0334357284"></trkpt><trkpt lat="50.3279900271" lon="20.0337722618"></trkpt><trkpt lat="50.3282328509" lon="20.0340161752"></trkpt><trkpt lat="50.3285325877" lon="20.0340255629"></trkpt><trkpt lat="50.328265205" lon="20.0342058577"></trkpt><trkpt lat="50.3283219505" lon="20.0337632094"></trkpt><trkpt lat="50.3283351101" lon="20.03431038"></trkpt><trkpt lat="50.3283848986" lon="20.0337590184"></trkpt><trkpt lat="50.3286771756" lon="20.0338297617"></trkpt><trkpt lat="50.328957634" lon="20.0336756185"></trkpt><trkpt lat="50.3299332876" lon="20.0337395724"></trkpt><trkpt lat="50.3474990744" lon="20.0376219023"></trkpt><trkpt lat="50.3480289783" lon="20.038442323"></trkpt><trkpt lat="50.351285683" lon="20.0425613578"></trkpt><trkpt lat="50.3518772777" lon="20.0430270564"></trkpt><trkpt lat="50.3531491477" lon="20.0437838584"></trkpt><trkpt lat="50.3535529878" lon="20.0439576991"></trkpt><trkpt lat="50.3553510737" lon="20.0444583502"></trkpt><trkpt lat="50.3561450075" lon="20.0445283391"></trkpt><trkpt lat="50.386129925" lon="20.0514824688"></trkpt><trkpt lat="50.3863935359" lon="20.0520760752"></trkpt><trkpt lat="50.3871584684" lon="20.0534993224"></trkpt><trkpt lat="50.3879347164" lon="20.0542948488"></trkpt><trkpt lat="50.3900291864" lon="20.0560087804"></trkpt><trkpt lat="50.3916366678" lon="20.0577035174"></trkpt><trkpt lat="50.3918967582" lon="20.0582635123"></trkpt><trkpt lat="50.3920792323" lon="20.0588355772"></trkpt><trkpt lat="50.3922330402" lon="20.0594824925"></trkpt><trkpt lat="50.3946901951" lon="20.0781996176"></trkpt><trkpt lat="50.3940717783" lon="20.0804198161"></trkpt><trkpt lat="50.3936826065" lon="20.0826442894"></trkpt><trkpt lat="50.3936453909" lon="20.0833004247"></trkpt><trkpt lat="50.393707836" lon="20.0839285646"></trkpt><trkpt lat="50.3939607181" lon="20.0851678289"></trkpt><trkpt lat="50.3945895284" lon="20.0868660863"></trkpt><trkpt lat="50.3956697881" lon="20.0886308961"></trkpt><trkpt lat="50.4101373721" lon="20.108430963"></trkpt><trkpt lat="50.4110403545" lon="20.109154908"></trkpt><trkpt lat="50.4120777827" lon="20.1102515962"></trkpt><trkpt lat="50.4166927747" lon="20.1162810344"></trkpt><trkpt lat="50.4173800908" lon="20.1176788844"></trkpt><trkpt lat="50.4178812448" lon="20.1183955371"></trkpt><trkpt lat="50.4211365245" lon="20.123941591"></trkpt><trkpt lat="50.4214842059" lon="20.1248521172"></trkpt><trkpt lat="50.4223827459" lon="20.1265517157"></trkpt><trkpt lat="50.4227517173" lon="20.1269102935"></trkpt><trkpt lat="50.4233670328" lon="20.1273475774"></trkpt><trkpt lat="50.4586607125" lon="20.1586443465"></trkpt><trkpt lat="50.4584363289" lon="20.1602875348"></trkpt><trkpt lat="50.4583914857" lon="20.1618946809"></trkpt><trkpt lat="50.4584775679" lon="20.1624777261"></trkpt><trkpt lat="50.4586269334" lon="20.1630313508"></trkpt><trkpt lat="50.4588292725" lon="20.1635480113"></trkpt><trkpt lat="50.4590949789" lon="20.1640371792"></trkpt><trkpt lat="50.4594142456" lon="20.1644931547"></trkpt><trkpt lat="50.4698777944" lon="20.1763269771"></trkpt><trkpt lat="50.4708720557" lon="20.1766200084"></trkpt><trkpt lat="50.5117963627" lon="20.1946668327"></trkpt><trkpt lat="50.5125935655" lon="20.1957407221"></trkpt><trkpt lat="50.5153664667" lon="20.1985743083"></trkpt><trkpt lat="50.5165328924" lon="20.1992050465"></trkpt><trkpt lat="50.518099973" lon="20.1996115688"></trkpt><trkpt lat="50.5196720827" lon="20.1995743532"></trkpt><trkpt lat="50.5199876614" lon="20.1995121595"></trkpt><trkpt lat="50.52180578" lon="20.198817635"></trkpt><trkpt lat="50.5237621162" lon="20.1975236367"></trkpt><trkpt lat="50.5299013574" lon="20.194794992"></trkpt><trkpt lat="50.5307531264" lon="20.1948992629"></trkpt><trkpt lat="50.5324616935" lon="20.1953611895"></trkpt><trkpt lat="50.5587071925" lon="20.2063314244"></trkpt><trkpt lat="50.5589477532" lon="20.2066273056"></trkpt><trkpt lat="50.6255887449" lon="20.3062278684"></trkpt><trkpt lat="50.6261442136" lon="20.3087481391"></trkpt><trkpt lat="50.6269201264" lon="20.3109769709"></trkpt><trkpt lat="50.6279281341" lon="20.3128658328"></trkpt><trkpt lat="50.6284966785" lon="20.313687427"></trkpt><trkpt lat="50.6298196781" lon="20.3151011188"></trkpt><trkpt lat="50.630542282" lon="20.3156819846"></trkpt><trkpt lat="50.6318008248" lon="20.3163798619"></trkpt><trkpt lat="50.6339399703" lon="20.3170755599"></trkpt><trkpt lat="50.6601723097" lon="20.3306897823"></trkpt><trkpt lat="50.6611676607" lon="20.3318771627"></trkpt><trkpt lat="50.6919412315" lon="20.3775091656"></trkpt><trkpt lat="50.69206235" lon="20.3780108225"></trkpt><trkpt lat="50.6956389919" lon="20.3894528747"></trkpt><trkpt lat="50.6970026437" lon="20.3922897298"></trkpt><trkpt lat="50.6988857221" lon="20.3955202829"></trkpt><trkpt lat="50.7005424891" lon="20.3978838958"></trkpt><trkpt lat="50.7025834825" lon="20.4003093671"></trkpt><trkpt lat="50.7033721358" lon="20.4010801669"></trkpt><trkpt lat="50.7089580875" lon="20.4053024668"></trkpt><trkpt lat="50.7095545437" lon="20.4056186322"></trkpt><trkpt lat="50.7216837443" lon="20.409939168"></trkpt><trkpt lat="50.7222729921" lon="20.4098679218"></trkpt><trkpt lat="50.7446582057" lon="20.4164779745"></trkpt><trkpt lat="50.7460775971" lon="20.418379074"></trkpt><trkpt lat="50.7465174794" lon="20.4190973192"></trkpt><trkpt lat="50.7478056941" lon="20.4219252057"></trkpt><trkpt lat="50.7485212572" lon="20.4246655013"></trkpt><trkpt lat="50.7488772366" lon="20.4271309543"></trkpt><trkpt lat="50.7490372472" lon="20.4301301669"></trkpt><trkpt lat="50.7489494048" lon="20.4331142921"></trkpt><trkpt lat="50.7498605177" lon="20.4485496506"></trkpt><trkpt lat="50.7499873359" lon="20.4489405826"></trkpt><trkpt lat="50.7510583755" lon="20.4516266473"></trkpt><trkpt lat="50.7517951448" lon="20.4530590307"></trkpt><trkpt lat="50.7526408788" lon="20.4543657694"></trkpt><trkpt lat="50.7533426117" lon="20.4552458692"></trkpt><trkpt lat="50.7608834747" lon="20.4628914222"></trkpt><trkpt lat="50.7618194818" lon="20.4633981083"></trkpt><trkpt lat="50.7637274545" lon="20.464085592"></trkpt><trkpt lat="50.7640561089" lon="20.4641552456"></trkpt><trkpt lat="50.7664717734" lon="20.4643228836"></trkpt><trkpt lat="50.782744484" lon="20.4690390453"></trkpt><trkpt lat="50.7832774892" lon="20.4695765767"></trkpt><trkpt lat="50.7992606889" lon="20.4826772399"></trkpt><trkpt lat="50.802260153" lon="20.4842107929"></trkpt><trkpt lat="50.8069558628" lon="20.4856907856"></trkpt><trkpt lat="50.8087932598" lon="20.4854379036"></trkpt><trkpt lat="50.8099963982" lon="20.4850652441"></trkpt><trkpt lat="50.8126028348" lon="20.4836112354"></trkpt><trkpt lat="50.8136607986" lon="20.4827290401"></trkpt><trkpt lat="50.815132577" lon="20.4810852651"></trkpt><trkpt lat="50.8163776249" lon="20.4792157654"></trkpt><trkpt lat="50.8177794982" lon="20.4764157068"></trkpt><trkpt lat="50.8223791514" lon="20.468947012"></trkpt><trkpt lat="50.8239219245" lon="20.4679059796"></trkpt><trkpt lat="50.8256225288" lon="20.467344895"></trkpt><trkpt lat="50.8274187706" lon="20.4673598986"></trkpt><trkpt lat="50.8289054688" lon="20.4677893035"></trkpt><trkpt lat="50.8292014338" lon="20.467921989"></trkpt><trkpt lat="50.8305952605" lon="20.4688017536"></trkpt><trkpt lat="50.8316416573" lon="20.4697611462"></trkpt><trkpt lat="50.8330540918" lon="20.4715541191"></trkpt><trkpt lat="50.8573011775" lon="20.5082916655"></trkpt><trkpt lat="50.8596958034" lon="20.5111029558"></trkpt><trkpt lat="50.8617240563" lon="20.5124080181"></trkpt><trkpt lat="50.8632979263" lon="20.5130969267"></trkpt><trkpt lat="50.89678891" lon="20.5336734094"></trkpt><trkpt lat="50.8976538386" lon="20.5351579282"></trkpt><trkpt lat="50.9000616241" lon="20.5402455758"></trkpt><trkpt lat="50.9012154769" lon="20.5438552424"></trkpt><trkpt lat="50.9020464588" lon="20.5472928286"></trkpt><trkpt lat="50.9425211605" lon="20.6777114701"></trkpt><trkpt lat="50.9427654929" lon="20.6780760828"></trkpt><trkpt lat="50.949027529" lon="20.6895398442"></trkpt><trkpt lat="50.9492148645" lon="20.6908770092"></trkpt><trkpt lat="50.9522342775" lon="20.703620268"></trkpt><trkpt lat="50.9540907852" lon="20.7067593746"></trkpt><trkpt lat="51.0348116141" lon="20.8194864169"></trkpt><trkpt lat="51.0357570089" lon="20.8195724152"></trkpt><trkpt lat="51.0510256514" lon="20.8236299269"></trkpt><trkpt lat="51.0525096674" lon="20.8246331569"></trkpt><trkpt lat="51.0774071887" lon="20.8365436736"></trkpt><trkpt lat="51.0786871053" lon="20.836495813"></trkpt><trkpt lat="51.1077319086" lon="20.841970453"></trkpt><trkpt lat="51.1089294311" lon="20.8440489974"></trkpt><trkpt lat="51.1099168193" lon="20.8452139981"></trkpt><trkpt lat="51.1108163651" lon="20.8458582312"></trkpt><trkpt lat="51.1135644559" lon="20.8473593462"></trkpt><trkpt lat="51.1143740639" lon="20.8476162516"></trkpt><trkpt lat="51.1172413453" lon="20.8479483426"></trkpt><trkpt lat="51.1217042897" lon="20.8465357404"></trkpt><trkpt lat="51.1224211939" lon="20.8460896555"></trkpt><trkpt lat="51.1233221646" lon="20.8453714941"></trkpt><trkpt lat="51.124803666" lon="20.8438806888"></trkpt><trkpt lat="51.1406007875" lon="20.8326544706"></trkpt><trkpt lat="51.1425025575" lon="20.8332923334"></trkpt><trkpt lat="51.1434599385" lon="20.8337983489"></trkpt><trkpt lat="51.1455617007" lon="20.8353899885"></trkpt><trkpt lat="51.1464034114" lon="20.8362498041"></trkpt><trkpt lat="51.1486645136" lon="20.8390807081"></trkpt><trkpt lat="51.1689135991" lon="20.8589263726"></trkpt><trkpt lat="51.171782054" lon="20.8591971081"></trkpt><trkpt lat="51.221948918" lon="20.8716484252"></trkpt><trkpt lat="51.2233650405" lon="20.8722356614"></trkpt><trkpt lat="51.2276080437" lon="20.8731630351"></trkpt><trkpt lat="51.2313311175" lon="20.8732110634"></trkpt><trkpt lat="51.2375355698" lon="20.8748347219"></trkpt><trkpt lat="51.2381326966" lon="20.8752476145"></trkpt><trkpt lat="51.2411210127" lon="20.8782592323"></trkpt><trkpt lat="51.242532609" lon="20.8804618288"></trkpt><trkpt lat="51.2439234182" lon="20.8833756298"></trkpt><trkpt lat="51.2444266677" lon="20.8847213443"></trkpt><trkpt lat="51.2748689856" lon="20.9517792519"></trkpt><trkpt lat="51.2959452812" lon="20.9895590879"></trkpt><trkpt lat="51.2975279521" lon="20.9917256422"></trkpt><trkpt lat="51.3212242629" lon="21.0171460267"></trkpt><trkpt lat="51.321506314" lon="21.0171529837"></trkpt><trkpt lat="51.3345203083" lon="21.0145593714"></trkpt><trkpt lat="51.3382255286" lon="21.0144135263"></trkpt><trkpt lat="51.340592159" lon="21.0150771216"></trkpt><trkpt lat="51.3445653487" lon="21.0155540518"></trkpt><trkpt lat="51.4651554544" lon="21.0480362736"></trkpt><trkpt lat="51.4668789413" lon="21.0492803995"></trkpt><trkpt lat="51.4713169914" lon="21.0532735381"></trkpt><trkpt lat="51.47157331" lon="21.0535542481"></trkpt><trkpt lat="51.5000902209" lon="21.0785233509"></trkpt><trkpt lat="51.5015397873" lon="21.0792725254"></trkpt><trkpt lat="51.516623944" lon="21.0847920924"></trkpt><trkpt lat="51.5202602651" lon="21.085390728"></trkpt><trkpt lat="51.5295645129" lon="21.0818768665"></trkpt><trkpt lat="51.5304849297" lon="21.0810672585"></trkpt><trkpt lat="51.5324192215" lon="21.0789871216"></trkpt><trkpt lat="51.5339225996" lon="21.0769070685"></trkpt><trkpt lat="51.5365405194" lon="21.0722606443"></trkpt><trkpt lat="51.5860549361" lon="20.9986967873"></trkpt><trkpt lat="51.5889415797" lon="20.996756712"></trkpt><trkpt lat="51.6384546552" lon="20.9719542414"></trkpt><trkpt lat="51.6469333693" lon="20.9743040241"></trkpt><trkpt lat="51.6484546009" lon="20.9733064938"></trkpt><trkpt lat="51.650356371" lon="20.9715476353"></trkpt><trkpt lat="51.7146339174" lon="20.923736589"></trkpt><trkpt lat="51.7171312217" lon="20.9226850793"></trkpt><trkpt lat="51.9595593307" lon="20.8389854897"></trkpt><trkpt lat="51.9747212715" lon="20.8361436054"></trkpt><trkpt lat="51.9751821086" lon="20.8365811408"></trkpt><trkpt lat="51.9871998299" lon="20.844907891"></trkpt><trkpt lat="51.9890156854" lon="20.8440055791"></trkpt><trkpt lat="51.9968710374" lon="20.8417359274"></trkpt><trkpt lat="51.9984490983" lon="20.8425227366"></trkpt><trkpt lat="52.119438434" lon="20.8839882631"></trkpt><trkpt lat="52.1213360969" lon="20.881642336"></trkpt><trkpt lat="52.1253328398" lon="20.8780426439"></trkpt><trkpt lat="52.1266215574" lon="20.8777388837"></trkpt><trkpt lat="52.1273374557" lon="20.8777032606"></trkpt><trkpt lat="52.1298298147" lon="20.8783332445"></trkpt><trkpt lat="52.1302897297" lon="20.8785240166"></trkpt><trkpt lat="52.1453443822" lon="20.8875442017"></trkpt><trkpt lat="52.1457634773" lon="20.8880318608"></trkpt><trkpt lat="52.171135582" lon="20.9112326335"></trkpt><trkpt lat="52.1734976862" lon="20.9125413839"></trkpt><trkpt lat="52.1795756556" lon="20.9149000514"></trkpt><trkpt lat="52.1911425982" lon="20.9211853053"></trkpt><trkpt lat="52.1920470055" lon="20.9225876816"></trkpt><trkpt lat="52.2210162878" lon="20.9595560655"></trkpt><trkpt lat="52.2220138181" lon="20.9588366468"></trkpt><trkpt lat="52.2231325507" lon="20.9584574495"></trkpt><trkpt lat="52.2360468004" lon="20.955983866"></trkpt><trkpt lat="52.2370029241" lon="20.9560299665"></trkpt><trkpt lat="52.2390992381" lon="20.9566028696"></trkpt><trkpt lat="52.2475097235" lon="20.9574418981"></trkpt><trkpt lat="52.2488751356" lon="20.9567710105"></trkpt><trkpt lat="52.2547759116" lon="20.9528784547"></trkpt><trkpt lat="52.2549481597" lon="20.9523490537"></trkpt><trkpt lat="52.2565481812" lon="20.9485110641"></trkpt><trkpt lat="52.2568362672" lon="20.9485624451"></trkpt><trkpt lat="52.2571044881" lon="20.9486830607"></trkpt><trkpt lat="52.2573627345" lon="20.9488851484"></trkpt><trkpt lat="52.2577922232" lon="20.9493037406"></trkpt><trkpt lat="52.2741175722" lon="20.9685829561"></trkpt><trkpt lat="52.2747678403" lon="20.9696704242"></trkpt><trkpt lat="52.2846713942" lon="20.9896751773"></trkpt><trkpt lat="52.2918115184" lon="21.0072228592"></trkpt><trkpt lat="52.2930977214" lon="21.0112135671"></trkpt><trkpt lat="52.3073240742" lon="21.0671542212"></trkpt><trkpt lat="52.3073623795" lon="21.0700284597"></trkpt><trkpt lat="52.3113467172" lon="21.1228656303"></trkpt><trkpt lat="52.3121396452" lon="21.1247295141"></trkpt><trkpt lat="52.3279508483" lon="21.1551527213"></trkpt><trkpt lat="52.3296357784" lon="21.1563153751"></trkpt><trkpt lat="52.3313922901" lon="21.1569793895"></trkpt><trkpt lat="52.3331971653" lon="21.1571581755"></trkpt><trkpt lat="52.3513351008" lon="21.1619699746"></trkpt><trkpt lat="52.3517178185" lon="21.162801208"></trkpt><trkpt lat="52.3526315298" lon="21.1654541641"></trkpt><trkpt lat="52.3533481825" lon="21.1687234417"></trkpt><trkpt lat="52.3577559739" lon="21.1834350228"></trkpt><trkpt lat="52.3587456252" lon="21.1848451942"></trkpt><trkpt lat="52.3598171677" lon="21.1860822793"></trkpt><trkpt lat="52.360954592" lon="21.187151894"></trkpt><trkpt lat="52.3633528221" lon="21.1886981037"></trkpt><trkpt lat="52.3652162869" lon="21.1893243995"></trkpt><trkpt lat="52.3670436256" lon="21.1895114835"></trkpt><trkpt lat="52.3883122858" lon="21.1954332981"></trkpt><trkpt lat="52.388882339" lon="21.1958849151"></trkpt><trkpt lat="52.3983932007" lon="21.201666249"></trkpt><trkpt lat="52.40085572" lon="21.2020420935"></trkpt><trkpt lat="52.4070005771" lon="21.2041120883"></trkpt><trkpt lat="52.4080895539" lon="21.205295613"></trkpt><trkpt lat="52.4133356195" lon="21.2123693526"></trkpt><trkpt lat="52.4145594612" lon="21.2144411076"></trkpt><trkpt lat="52.4200358614" lon="21.2219496164"></trkpt><trkpt lat="52.4229607265" lon="21.2235544994"></trkpt><trkpt lat="52.4358533509" lon="21.2329180073"></trkpt><trkpt lat="52.4365508929" lon="21.2344369758"></trkpt><trkpt lat="52.4562284164" lon="21.28615533"></trkpt><trkpt lat="52.4933248758" lon="21.3667485863"></trkpt><trkpt lat="52.4991720915" lon="21.3773532026"></trkpt><trkpt lat="52.505090721" lon="21.3862920832"></trkpt><trkpt lat="52.5483780541" lon="21.4402753115"></trkpt><trkpt lat="52.5499248505" lon="21.4411246497"></trkpt><trkpt lat="52.5513403863" lon="21.4423621539"></trkpt><trkpt lat="52.5528165232" lon="21.4442862198"></trkpt><trkpt lat="52.5532450899" lon="21.4450871944"></trkpt><trkpt lat="52.5541256089" lon="21.4473183732"></trkpt><trkpt lat="52.5547688361" lon="21.4496679883"></trkpt><trkpt lat="52.5553822238" lon="21.4530521818"></trkpt><trkpt lat="52.558625266" lon="21.4653196838"></trkpt><trkpt lat="52.55981558" lon="21.4668073878"></trkpt><trkpt lat="52.5610557664" lon="21.4677469991"></trkpt><trkpt lat="52.5613401644" lon="21.4678710513"></trkpt><trkpt lat="52.5630786549" lon="21.4682888892"></trkpt><trkpt lat="52.5649082568" lon="21.4684293699"></trkpt><trkpt lat="52.5681818929" lon="21.469496889"></trkpt><trkpt lat="52.5694818422" lon="21.4706998598"></trkpt><trkpt lat="52.5708724" lon="21.4725951757"></trkpt><trkpt lat="52.5718551781" lon="21.4746970218"></trkpt><trkpt lat="52.5737623125" lon="21.4800998289"></trkpt><trkpt lat="52.5797396153" lon="21.4938954357"></trkpt><trkpt lat="52.5812189374" lon="21.4957256243"></trkpt><trkpt lat="52.5831357948" lon="21.4973727521"></trkpt><trkpt lat="52.5837070215" lon="21.4977441542"></trkpt><trkpt lat="52.585769305" lon="21.4987278543"></trkpt><trkpt lat="52.5875912793" lon="21.499085594"></trkpt><trkpt lat="52.5885379314" lon="21.4991030283"></trkpt><trkpt lat="52.592417663" lon="21.4984679315"></trkpt><trkpt lat="52.619387107" lon="21.4982810151"></trkpt><trkpt lat="52.6196502987" lon="21.4984836895"></trkpt><trkpt lat="52.6233576145" lon="21.5023414604"></trkpt><trkpt lat="52.6250088494" lon="21.5048209112"></trkpt><trkpt lat="52.6265859045" lon="21.5077157691"></trkpt><trkpt lat="52.6321581099" lon="21.5199604724"></trkpt><trkpt lat="52.6382087544" lon="21.5309702698"></trkpt><trkpt lat="52.6415077876" lon="21.5383396391"></trkpt><trkpt lat="52.6420702972" lon="21.5399676561"></trkpt><trkpt lat="52.6468357444" lon="21.551300073"></trkpt><trkpt lat="52.7991776727" lon="21.8712193798"></trkpt><trkpt lat="52.798980698" lon="21.8723511044"></trkpt><trkpt lat="52.7988135628" lon="21.872940436"></trkpt><trkpt lat="52.7983683161" lon="21.8741986435"></trkpt><trkpt lat="52.7987403888" lon="21.8732780591"></trkpt><trkpt lat="52.7992208395" lon="21.8716095574"></trkpt><trkpt lat="52.7992410399" lon="21.8711397517"></trkpt><trkpt lat="52.7982993331" lon="21.8706027232"></trkpt><trkpt lat="52.7978918888" lon="21.8702680338"></trkpt><trkpt lat="52.7977642324" lon="21.8698669598"></trkpt><trkpt lat="52.7978208102" lon="21.8694014288"></trkpt><trkpt lat="52.7980312798" lon="21.8691059668"></trkpt><trkpt lat="52.7983329445" lon="21.8691546656"></trkpt><trkpt lat="52.7986047696" lon="21.8693243992"></trkpt><trkpt lat="52.7990923449" lon="21.8695470225"></trkpt><trkpt lat="52.8022888675" lon="21.8716820609"></trkpt><trkpt lat="52.8047135845" lon="21.8737662211"></trkpt><trkpt lat="52.8109629638" lon="21.877548052"></trkpt><trkpt lat="52.8120526951" lon="21.877931105"></trkpt><trkpt lat="52.8137230407" lon="21.8788246997"></trkpt><trkpt lat="52.8150534164" lon="21.880070921"></trkpt><trkpt lat="52.8161366098" lon="21.8815827649"></trkpt><trkpt lat="52.8169535939" lon="21.8833193276"></trkpt><trkpt lat="52.8173684143" lon="21.8844759464"></trkpt><trkpt lat="52.8174657281" lon="21.8848944549"></trkpt><trkpt lat="52.8191859461" lon="21.8889325205"></trkpt><trkpt lat="52.819981724" lon="21.8884986732"></trkpt><trkpt lat="52.825724585" lon="21.8840198033"></trkpt><trkpt lat="52.8263494559" lon="21.8826363701"></trkpt><trkpt lat="52.826498989" lon="21.8820475414"></trkpt><trkpt lat="52.8267382924" lon="21.8816562742"></trkpt><trkpt lat="52.8325009346" lon="21.8740929477"></trkpt><trkpt lat="52.833684627" lon="21.8735348806"></trkpt><trkpt lat="52.8517391626" lon="21.8680671975"></trkpt><trkpt lat="52.8532940056" lon="21.8678988051"></trkpt><trkpt lat="52.9791988246" lon="21.9000398833"></trkpt><trkpt lat="52.9843507614" lon="21.9021855667"></trkpt><trkpt lat="52.984937327" lon="21.9027114473"></trkpt><trkpt lat="52.9854407441" lon="21.9032996055"></trkpt><trkpt lat="52.9859256372" lon="21.9040102232"></trkpt><trkpt lat="52.9860523716" lon="21.9045082759"></trkpt><trkpt lat="52.9862437304" lon="21.9048425462"></trkpt><trkpt lat="52.9865219258" lon="21.9062201958"></trkpt><trkpt lat="52.986586215" lon="21.906822687"></trkpt><trkpt lat="52.9866132047" lon="21.9073532615"></trkpt><trkpt lat="52.9869282804" lon="21.90747438"></trkpt><trkpt lat="52.9878503736" lon="21.9083190244"></trkpt><trkpt lat="52.988526877" lon="21.9092419557"></trkpt><trkpt lat="52.9894665722" lon="21.9108415581"></trkpt><trkpt lat="53.0444459058" lon="21.9889475685"></trkpt><trkpt lat="53.0452783126" lon="21.9897167757"></trkpt><trkpt lat="53.0463927705" lon="21.9913309626"></trkpt><trkpt lat="53.0471979361" lon="21.9919707533"></trkpt><trkpt lat="53.1053042226" lon="22.0275203325"></trkpt><trkpt lat="53.105966812" lon="22.0277603902"></trkpt><trkpt lat="53.1216812879" lon="22.0361573808"></trkpt><trkpt lat="53.1222939212" lon="22.0378350187"></trkpt><trkpt lat="53.1281983014" lon="22.0482058637"></trkpt><trkpt lat="53.1285857968" lon="22.0482124016"></trkpt><trkpt lat="53.1305584777" lon="22.0488684531"></trkpt><trkpt lat="53.1483794097" lon="22.0519938972"></trkpt><trkpt lat="53.1488853414" lon="22.0516880415"></trkpt><trkpt lat="53.1524434593" lon="22.050115848"></trkpt><trkpt lat="53.1527395919" lon="22.0500607789"></trkpt><trkpt lat="53.1541305687" lon="22.0506661199"></trkpt><trkpt lat="53.1555590965" lon="22.0516133588"></trkpt><trkpt lat="53.1563642621" lon="22.0524148364"></trkpt><trkpt lat="53.2307730149" lon="22.1122714318"></trkpt><trkpt lat="53.2313447446" lon="22.1125118248"></trkpt><trkpt lat="53.2543586846" lon="22.118032733"></trkpt><trkpt lat="53.2543552481" lon="22.1147646289"></trkpt><trkpt lat="53.2545565814" lon="22.1135625802"></trkpt><trkpt lat="53.2547112275" lon="22.1131159924"></trkpt><trkpt lat="53.2549192663" lon="22.1127334423"></trkpt><trkpt lat="53.2554098591" lon="22.1120691765"></trkpt><trkpt lat="53.2590427436" lon="22.1061572526"></trkpt><trkpt lat="53.2592941169" lon="22.1056191344"></trkpt><trkpt lat="53.2753810007" lon="22.0767842978"></trkpt><trkpt lat="53.2796149515" lon="22.0673411619"></trkpt><trkpt lat="53.2798961643" lon="22.0661314856"></trkpt><trkpt lat="53.2802720927" lon="22.0649840869"></trkpt><trkpt lat="53.2809607498" lon="22.0637582336"></trkpt><trkpt lat="53.3052351605" lon="22.0280501526"></trkpt><trkpt lat="53.305773614" lon="22.0278295409"></trkpt><trkpt lat="53.3069461584" lon="22.0271242876"></trkpt><trkpt lat="53.3263043314" lon="22.0196690038"></trkpt><trkpt lat="53.3276502974" lon="22.019955162"></trkpt><trkpt lat="53.3279476035" lon="22.0198047906"></trkpt><trkpt lat="53.3291865326" lon="22.0189071726"></trkpt><trkpt lat="53.3294887003" lon="22.0185386203"></trkpt><trkpt lat="53.3296966553" lon="22.0180010051"></trkpt><trkpt lat="53.3300315961" lon="22.0161093771"></trkpt><trkpt lat="53.3303729072" lon="22.0148400217"></trkpt><trkpt lat="53.330597626" lon="22.0145302266"></trkpt><trkpt lat="53.3319022693" lon="22.0130634774"></trkpt><trkpt lat="53.421224691" lon="21.8918258697"></trkpt><trkpt lat="53.4229559731" lon="21.8901850283"></trkpt><trkpt lat="53.4234016389" lon="21.8898606487"></trkpt><trkpt lat="53.4304258414" lon="21.8860479724"></trkpt><trkpt lat="53.4404115379" lon="21.8822890241"></trkpt><trkpt lat="53.4711125214" lon="21.8769493327"></trkpt><trkpt lat="53.4725426417" lon="21.8778200448"></trkpt><trkpt lat="53.4739200398" lon="21.8779803906"></trkpt><trkpt lat="53.5006945208" lon="21.8704392761"></trkpt><trkpt lat="53.5032920726" lon="21.8691695016"></trkpt><trkpt lat="53.5620709229" lon="21.8497674074"></trkpt><trkpt lat="53.5624696501" lon="21.8497634679"></trkpt><trkpt lat="53.562842058" lon="21.8496848457"></trkpt><trkpt lat="53.5636323038" lon="21.8493900541"></trkpt><trkpt lat="53.563935142" lon="21.8491609767"></trkpt><trkpt lat="53.5651043337" lon="21.8477700837"></trkpt><trkpt lat="53.5731187742" lon="21.8404463958"></trkpt><trkpt lat="53.5749689117" lon="21.8394606002"></trkpt><trkpt lat="53.6250664573" lon="21.8040218297"></trkpt><trkpt lat="53.6250993982" lon="21.8022850994"></trkpt><trkpt lat="53.6253326666" lon="21.8001617119"></trkpt><trkpt lat="53.625998022" lon="21.8005460221"></trkpt><trkpt lat="53.6269987375" lon="21.8008435797"></trkpt><trkpt lat="53.6275809444" lon="21.8011177517"></trkpt><trkpt lat="53.6286896188" lon="21.801963402"></trkpt><trkpt lat="53.6299332418" lon="21.8026503827"></trkpt><trkpt lat="53.6301039811" lon="21.8020918965"></trkpt><trkpt lat="53.6303880438" lon="21.8018881325"></trkpt><trkpt lat="53.6331466958" lon="21.8027963117"></trkpt><trkpt lat="53.6334948801" lon="21.8023243267"></trkpt><trkpt lat="53.6325002834" lon="21.7998447921"></trkpt><trkpt lat="53.6323668435" lon="21.7985344492"></trkpt><trkpt lat="53.6325064022" lon="21.7968110461"></trkpt><trkpt lat="53.632907141" lon="21.7952790856"></trkpt><trkpt lat="53.6342370138" lon="21.7946807854"></trkpt><trkpt lat="53.6365114432" lon="21.792543903"></trkpt><trkpt lat="53.6379833054" lon="21.7916296888"></trkpt><trkpt lat="53.6395475361" lon="21.7911923211"></trkpt><trkpt lat="53.6407976132" lon="21.791265998"></trkpt><trkpt lat="53.6484279949" lon="21.7928730603"></trkpt><trkpt lat="53.6857585609" lon="21.8067313638"></trkpt><trkpt lat="53.688191073" lon="21.8085701019"></trkpt><trkpt lat="53.6938492768" lon="21.8147588801"></trkpt><trkpt lat="53.6949380022" lon="21.8165697902"></trkpt><trkpt lat="53.708056435" lon="21.8338046595"></trkpt><trkpt lat="53.7102275155" lon="21.8350504618"></trkpt><trkpt lat="53.7497735023" lon="21.8646550085"></trkpt><trkpt lat="53.7505930848" lon="21.8671488762"></trkpt><trkpt lat="53.7683943193" lon="21.9069490023"></trkpt><trkpt lat="53.7704527471" lon="21.9090252835"></trkpt><trkpt lat="53.8118959777" lon="21.9428939559"></trkpt><trkpt lat="53.8126882352" lon="21.9433165714"></trkpt><trkpt lat="53.8173249364" lon="21.9450271502"></trkpt><trkpt lat="53.8394732773" lon="21.9491524715"></trkpt><trkpt lat="53.8561783265" lon="21.9435029849"></trkpt><trkpt lat="53.8567524869" lon="21.9430376217"></trkpt><trkpt lat="53.8840639964" lon="21.9149745069"></trkpt><trkpt lat="53.884448139" lon="21.9137516711"></trkpt><trkpt lat="53.8849628717" lon="21.9127621036"></trkpt><trkpt lat="53.8853056077" lon="21.9123490434"></trkpt><trkpt lat="53.8857178297" lon="21.9120444451"></trkpt><trkpt lat="53.8876671251" lon="21.9109369442"></trkpt><trkpt lat="53.9153545629" lon="21.889522858"></trkpt><trkpt lat="53.9156443253" lon="21.8892228696"></trkpt><trkpt lat="53.9159567188" lon="21.8890375458"></trkpt><trkpt lat="53.916293839" lon="21.8890234642"></trkpt><trkpt lat="53.9182996284" lon="21.8886197079"></trkpt><trkpt lat="53.9190709312" lon="21.8876598123"></trkpt><trkpt lat="53.9215446822" lon="21.8851499353"></trkpt><trkpt lat="53.9218906872" lon="21.8846953008"></trkpt><trkpt lat="53.9223116264" lon="21.8838232476"></trkpt><trkpt lat="53.924049614" lon="21.8813388515"></trkpt><trkpt lat="53.9249469806" lon="21.8808844686"></trkpt><trkpt lat="53.9269287977" lon="21.8805397209"></trkpt><trkpt lat="53.9285247121" lon="21.8799784686"></trkpt><trkpt lat="53.9304212853" lon="21.8787029944"></trkpt><trkpt lat="53.9397785906" lon="21.8748457264"></trkpt><trkpt lat="53.9402578678" lon="21.8751610536"></trkpt><trkpt lat="53.9405913837" lon="21.8750930764"></trkpt><trkpt lat="53.9414427336" lon="21.8742277287"></trkpt><trkpt lat="53.9428135939" lon="21.8733918853"></trkpt><trkpt lat="53.9438490942" lon="21.8725083489"></trkpt><trkpt lat="53.945143763" lon="21.8720319215"></trkpt><trkpt lat="53.946174318" lon="21.8712157756"></trkpt><trkpt lat="53.9625145029" lon="21.86135564"></trkpt><trkpt lat="53.9634570479" lon="21.8612646125"></trkpt><trkpt lat="53.9671213645" lon="21.8599442951"></trkpt><trkpt lat="53.9685733616" lon="21.858043028"></trkpt><trkpt lat="53.9723078348" lon="21.8515456282"></trkpt><trkpt lat="53.9738107938" lon="21.8481499515"></trkpt><trkpt lat="53.9757826366" lon="21.8452023715"></trkpt><trkpt lat="53.9772811532" lon="21.8436431699"></trkpt><trkpt lat="53.9788273629" lon="21.8416471034"></trkpt><trkpt lat="53.978984775" lon="21.8412048742"></trkpt><trkpt lat="53.9790571947" lon="21.8407083303"></trkpt><trkpt lat="53.9790290315" lon="21.8402478285"></trkpt><trkpt lat="53.9790974278" lon="21.839690851"></trkpt><trkpt lat="53.9793351386" lon="21.8394049443"></trkpt><trkpt lat="53.9797434211" lon="21.8393206224"></trkpt><trkpt lat="53.9812922291" lon="21.8393502943"></trkpt><trkpt lat="53.9828478266" lon="21.8399123847"></trkpt><trkpt lat="53.9844632708" lon="21.8402034044"></trkpt><trkpt lat="53.9882655535" lon="21.8389405869"></trkpt><trkpt lat="53.9944853447" lon="21.8378866464"></trkpt><trkpt lat="53.9991428331" lon="21.8379193358"></trkpt><trkpt lat="53.9995997306" lon="21.8377875723"></trkpt><trkpt lat="53.9998604078" lon="21.8375884183"></trkpt><trkpt lat="54.0008540824" lon="21.8365410157"></trkpt><trkpt lat="54.0063704643" lon="21.8321119342"></trkpt><trkpt lat="54.008504916" lon="21.8311523739"></trkpt><trkpt lat="54.010313563" lon="21.829892071"></trkpt><trkpt lat="54.0150951874" lon="21.8251950201"></trkpt><trkpt lat="54.0161995869" lon="21.8227019906"></trkpt><trkpt lat="54.0284921508" lon="21.7995759845"></trkpt><trkpt lat="54.0285545122" lon="21.8000640627"></trkpt><trkpt lat="54.0284385905" lon="21.8020789046"></trkpt><trkpt lat="54.0285194758" lon="21.8025329523"></trkpt><trkpt lat="54.028842682" lon="21.8026730977"></trkpt><trkpt lat="54.0298390388" lon="21.802048143"></trkpt><trkpt lat="54.032336846" lon="21.8013212644"></trkpt><trkpt lat="54.0371923987" lon="21.7991067655"></trkpt><trkpt lat="54.0385755803" lon="21.7973878048"></trkpt><trkpt lat="54.0480318759" lon="21.7832038645"></trkpt><trkpt lat="54.048619112" lon="21.7814024258"></trkpt><trkpt lat="54.0489499457" lon="21.7806405108"></trkpt><trkpt lat="54.0491881594" lon="21.7809298541"></trkpt><trkpt lat="54.0496273711" lon="21.7818459962"></trkpt><trkpt lat="54.0544474684" lon="21.7888613977"></trkpt><trkpt lat="54.056717623" lon="21.790957544"></trkpt><trkpt lat="54.061937537" lon="21.7969268002"></trkpt><trkpt lat="54.0622864757" lon="21.7974676006"></trkpt><trkpt lat="54.0624648426" lon="21.7978654895"></trkpt><trkpt lat="54.0626166388" lon="21.7983425036"></trkpt><trkpt lat="54.0662550554" lon="21.8073856551"></trkpt><trkpt lat="54.0668709576" lon="21.8077338394"></trkpt><trkpt lat="54.0672089159" lon="21.8080246914"></trkpt><trkpt lat="54.0674661566" lon="21.8084354047"></trkpt><trkpt lat="54.0676384047" lon="21.8089931365"></trkpt><trkpt lat="54.0694909729" lon="21.8133016862"></trkpt><trkpt lat="54.0709611587" lon="21.8145292159"></trkpt><trkpt lat="54.0717244986" lon="21.8148231693"></trkpt><trkpt lat="54.0728951991" lon="21.8155434262"></trkpt><trkpt lat="54.0732901543" lon="21.8161582388"></trkpt><trkpt lat="54.0738556813" lon="21.8174545001"></trkpt><trkpt lat="54.0767719969" lon="21.8220423348"></trkpt><trkpt lat="54.0787402354" lon="21.823963467"></trkpt><trkpt lat="54.0962382127" lon="21.837557992"></trkpt><trkpt lat="54.0978740249" lon="21.8366031256"></trkpt><trkpt lat="54.0981770307" lon="21.8367252499"></trkpt><trkpt lat="54.0984553937" lon="21.8370123301"></trkpt><trkpt lat="54.0987172443" lon="21.8374193553"></trkpt><trkpt lat="54.1036818456" lon="21.8436279148"></trkpt><trkpt lat="54.1051118821" lon="21.844151197"></trkpt><trkpt lat="54.1480173357" lon="21.8526450824"></trkpt><trkpt lat="54.1484738141" lon="21.8519919645"></trkpt><trkpt lat="54.1940566991" lon="21.7734155618"></trkpt><trkpt lat="54.1948143393" lon="21.771119507"></trkpt><trkpt lat="54.1953439917" lon="21.7699313723"></trkpt><trkpt lat="54.196437411" lon="21.7684513796"></trkpt><trkpt lat="54.2022953555" lon="21.758681098"></trkpt><trkpt lat="54.20282593" lon="21.7573379818"></trkpt><trkpt lat="54.2032965738" lon="21.756367106"></trkpt><trkpt lat="54.2037771922" lon="21.7551740259"></trkpt><trkpt lat="54.203521125" lon="21.7546461336"></trkpt><trkpt lat="54.2026384268" lon="21.7534468509"></trkpt><trkpt lat="54.2021176592" lon="21.7522264458"></trkpt><trkpt lat="54.201834267" lon="21.7508867662"></trkpt><trkpt lat="54.200861128" lon="21.7473361082"></trkpt><trkpt lat="54.2003645841" lon="21.748146303"></trkpt><trkpt lat="54.2008004431" lon="21.7475070991"></trkpt><trkpt lat="54.2017281521" lon="21.7458468117"></trkpt><trkpt lat="54.2019436508" lon="21.7452554684"></trkpt><trkpt lat="54.2021747399" lon="21.7447626125"></trkpt><trkpt lat="54.2024573777" lon="21.7446644604"></trkpt><trkpt lat="54.2030844279" lon="21.7445912864"></trkpt><trkpt lat="54.2035466898" lon="21.7441722751"></trkpt><trkpt lat="54.2042434774" lon="21.7437315546"></trkpt><trkpt lat="54.2034906987" lon="21.7433605716"></trkpt><trkpt lat="54.1950895172" lon="21.7408834677"></trkpt><trkpt lat="54.1938513424" lon="21.7420233227"></trkpt><trkpt lat="54.1918715369" lon="21.7446111515"></trkpt><trkpt lat="54.192158198" lon="21.7451078631"></trkpt><trkpt lat="54.192749206" lon="21.7466112413"></trkpt><trkpt lat="54.192876108" lon="21.7477175687"></trkpt><trkpt lat="54.1929266509" lon="21.7486631311"></trkpt><trkpt lat="54.193006698" lon="21.7492566537"></trkpt><trkpt lat="54.193260083" lon="21.7499356717"></trkpt><trkpt lat="54.1934094485" lon="21.7504892964"></trkpt><trkpt lat="54.1931762639" lon="21.7513765208"></trkpt><trkpt lat="54.1929732542" lon="21.7526385002"></trkpt><trkpt lat="54.2001836188" lon="21.7419177108"></trkpt><trkpt lat="54.2011018563" lon="21.7423130851"></trkpt><trkpt lat="54.2084967066" lon="21.7441536672"></trkpt><trkpt lat="54.2087230179" lon="21.7438071594"></trkpt><trkpt lat="54.2090304662" lon="21.7435120326"></trkpt><trkpt lat="54.2099882662" lon="21.7429770995"></trkpt><trkpt lat="54.211139353" lon="21.7421036214"></trkpt><trkpt lat="54.2118640523" lon="21.7419576924"></trkpt><trkpt lat="54.2132594716" lon="21.7420080677"></trkpt><trkpt lat="54.2135866173" lon="21.741700368"></trkpt><trkpt lat="54.2152487487" lon="21.7397161201"></trkpt><trkpt lat="54.2152831145" lon="21.7391821928"></trkpt><trkpt lat="54.2152842041" lon="21.7381299287"></trkpt><trkpt lat="54.2155391816" lon="21.7379114125"></trkpt><trkpt lat="54.2162591871" lon="21.737760203"></trkpt><trkpt lat="54.2165483627" lon="21.7377525754"></trkpt><trkpt lat="54.216834018" lon="21.73788107"></trkpt><trkpt lat="54.2167858221" lon="21.7373694386"></trkpt><trkpt lat="54.2162995879" lon="21.7361100577"></trkpt><trkpt lat="54.2161098216" lon="21.7354145274"></trkpt><trkpt lat="54.2161030322" lon="21.7349094339"></trkpt><trkpt lat="54.2160705943" lon="21.7344260495"></trkpt><trkpt lat="54.2163071316" lon="21.733051585"></trkpt><trkpt lat="54.2164706625" lon="21.7310542613"></trkpt><trkpt lat="54.2170786019" lon="21.707296595"></trkpt><trkpt lat="54.2166189384" lon="21.7051248439"></trkpt><trkpt lat="54.2159119248" lon="21.7002490908"></trkpt><trkpt lat="54.2162432615" lon="21.6980270483"></trkpt><trkpt lat="54.2166495323" lon="21.6937010642"></trkpt><trkpt lat="54.2166999914" lon="21.6924721934"></trkpt><trkpt lat="54.2171483394" lon="21.6877453867"></trkpt><trkpt lat="54.2176632397" lon="21.6845326032"></trkpt><trkpt lat="54.2179423571" lon="21.6818002705"></trkpt><trkpt lat="54.2176865414" lon="21.6803755146"></trkpt><trkpt lat="54.2175410315" lon="21.6788632516"></trkpt><trkpt lat="54.2177618947" lon="21.6784144007"></trkpt><trkpt lat="54.2191690486" lon="21.6765402909"></trkpt><trkpt lat="54.2193711363" lon="21.6761030909"></trkpt><trkpt lat="54.219405083" lon="21.6755465325"></trkpt><trkpt lat="54.2193032429" lon="21.6749140341"></trkpt><trkpt lat="54.2191944458" lon="21.6744537"></trkpt><trkpt lat="54.2145835608" lon="21.6592370253"></trkpt><trkpt lat="54.2135049775" lon="21.653314624"></trkpt><trkpt lat="54.2134758085" lon="21.6523650382"></trkpt><trkpt lat="54.2130146362" lon="21.6473032907"></trkpt><trkpt lat="54.2127036676" lon="21.6472393367"></trkpt><trkpt lat="54.2118974961" lon="21.6472249199"></trkpt><trkpt lat="54.2091298755" lon="21.6478395648"></trkpt><trkpt lat="54.2086907476" lon="21.6480616014"></trkpt><trkpt lat="54.2077393178" lon="21.6483646072"></trkpt><trkpt lat="54.1922771372" lon="21.645799242"></trkpt><trkpt lat="54.1921124328" lon="21.6461875755"></trkpt><trkpt lat="54.1919721197" lon="21.6468227562"></trkpt><trkpt lat="54.1919738799" lon="21.6475254111"></trkpt><trkpt lat="54.1917947587" lon="21.6499127448"></trkpt><trkpt lat="54.191526873" lon="21.6502227075"></trkpt><trkpt lat="54.1911447421" lon="21.6502512898"></trkpt><trkpt lat="54.1871872265" lon="21.649197517"></trkpt><trkpt lat="54.186286591" lon="21.6491653305"></trkpt><trkpt lat="54.1854644101" lon="21.6499559116"></trkpt><trkpt lat="54.1846213583" lon="21.6511987802"></trkpt><trkpt lat="54.1838255804" lon="21.6526668705"></trkpt><trkpt lat="54.1827659402" lon="21.6537915543"></trkpt><trkpt lat="54.181465907" lon="21.6547527071"></trkpt><trkpt lat="54.181171786" lon="21.6548576485"></trkpt><trkpt lat="54.1808743961" lon="21.6548761725"></trkpt><trkpt lat="54.1805716418" lon="21.6547937784"></trkpt><trkpt lat="54.1799698211" lon="21.654530419"></trkpt><trkpt lat="54.1646336205" lon="21.64514428"></trkpt><trkpt lat="54.1638568696" lon="21.6442180797"></trkpt><trkpt lat="54.1628138255" lon="21.6432012711"></trkpt><trkpt lat="54.1621539183" lon="21.6428681742"></trkpt><trkpt lat="54.1619679239" lon="21.642495431"></trkpt><trkpt lat="54.1619045567" lon="21.6418614239"></trkpt><trkpt lat="54.1618536785" lon="21.6405929904"></trkpt><trkpt lat="54.1617545206" lon="21.6400875617"></trkpt><trkpt lat="54.1616110224" lon="21.6396561451"></trkpt><trkpt lat="54.1614324879" lon="21.6392823961"></trkpt><trkpt lat="54.1499008331" lon="21.6192525811"></trkpt><trkpt lat="54.1486570425" lon="21.6199756879"></trkpt><trkpt lat="54.1479061078" lon="21.6208911594"></trkpt><trkpt lat="54.1475772858" lon="21.6208882257"></trkpt><trkpt lat="54.1467726231" lon="21.6201165039"></trkpt><trkpt lat="54.1454431694" lon="21.6182561405"></trkpt><trkpt lat="54.1453162674" lon="21.6178455111"></trkpt><trkpt lat="54.138672268" lon="21.6002948117"></trkpt><trkpt lat="54.1337050684" lon="21.5895221382"></trkpt><trkpt lat="54.1328053549" lon="21.589151239"></trkpt><trkpt lat="54.1309517808" lon="21.5886803437"></trkpt><trkpt lat="54.1285838094" lon="21.5873856749"></trkpt><trkpt lat="54.1285192687" lon="21.5860944428"></trkpt><trkpt lat="54.1285235435" lon="21.585171679"></trkpt><trkpt lat="54.1283203661" lon="21.5821728017"></trkpt><trkpt lat="54.1278187092" lon="21.5781371668"></trkpt><trkpt lat="54.1279176995" lon="21.5771554783"></trkpt><trkpt lat="54.1279797256" lon="21.5755343344"></trkpt><trkpt lat="54.1279007681" lon="21.5750811249"></trkpt><trkpt lat="54.1108022723" lon="21.5045638382"></trkpt><trkpt lat="54.1096914187" lon="21.504740864"></trkpt><trkpt lat="54.1087751091" lon="21.5055320319"></trkpt><trkpt lat="54.1076848749" lon="21.5071205702"></trkpt><trkpt lat="54.1045010928" lon="21.5101052821"></trkpt><trkpt lat="54.1036309674" lon="21.5103125665"></trkpt><trkpt lat="54.0994637366" lon="21.5122222155"></trkpt><trkpt lat="54.0989231877" lon="21.512726387"></trkpt><trkpt lat="54.0986211877" lon="21.5128387883"></trkpt><trkpt lat="54.0976151917" lon="21.5130324103"></trkpt><trkpt lat="54.0970373433" lon="21.513455864"></trkpt><trkpt lat="54.0967645962" lon="21.5135970153"></trkpt><trkpt lat="54.0964809526" lon="21.5135331452"></trkpt><trkpt lat="54.0953678358" lon="21.5135208238"></trkpt><trkpt lat="54.094715137" lon="21.5139821637"></trkpt><trkpt lat="54.0848031174" lon="21.5192952845"></trkpt><trkpt lat="54.0845174622" lon="21.519260332"></trkpt><trkpt lat="54.0842453018" lon="21.5193832945"></trkpt><trkpt lat="54.0838200878" lon="21.5197875537"></trkpt><trkpt lat="54.0825364832" lon="21.5203633904"></trkpt><trkpt lat="54.0809512138" lon="21.5207793005"></trkpt><trkpt lat="54.0808994137" lon="21.5202610474"></trkpt><trkpt lat="54.0810612682" lon="21.5197562054"></trkpt><trkpt lat="54.0811514575" lon="21.5192366112"></trkpt><trkpt lat="54.0812423173" lon="21.5168136545"></trkpt><trkpt lat="54.0812025871" lon="21.5147628542"></trkpt><trkpt lat="54.0809430834" lon="21.5128130559"></trkpt><trkpt lat="54.0808806382" lon="21.5112233441"></trkpt><trkpt lat="54.0806289297" lon="21.5092174709"></trkpt><trkpt lat="54.0799939167" lon="21.5065209288"></trkpt><trkpt lat="54.0794684552" lon="21.5028550196"></trkpt><trkpt lat="54.0793664474" lon="21.5003996249"></trkpt><trkpt lat="54.079836756" lon="21.4742489252"></trkpt><trkpt lat="54.079962736" lon="21.4729046356"></trkpt><trkpt lat="54.0804590285" lon="21.4697814547"></trkpt><trkpt lat="54.0811227076" lon="21.467654882"></trkpt><trkpt lat="54.0819593892" lon="21.4655800257"></trkpt><trkpt lat="54.0821660869" lon="21.4651609305"></trkpt><trkpt lat="54.0829072148" lon="21.4632413071"></trkpt><trkpt lat="54.0830682311" lon="21.4620152023"></trkpt><trkpt lat="54.0842613112" lon="21.4408817422"></trkpt><trkpt lat="54.084159052" lon="21.4401580486"></trkpt><trkpt lat="54.0840179008" lon="21.4396719821"></trkpt><trkpt lat="54.0838048328" lon="21.4393759333"></trkpt><trkpt lat="54.0835259669" lon="21.439243583"></trkpt><trkpt lat="54.0830420796" lon="21.4388960693"></trkpt><trkpt lat="54.0827450249" lon="21.4387355559"></trkpt><trkpt lat="54.0816124622" lon="21.4375748299"></trkpt><trkpt lat="54.0814864822" lon="21.437552534"></trkpt></trkseg><trkseg><trkpt lat="52.0945690759" lon="16.6079829074"></trkpt><trkpt lat="52.0936924964" lon="16.6069438029"></trkpt><trkpt lat="52.0931031648" lon="16.6064553894"></trkpt><trkpt lat="52.0925993286" lon="16.6064229514"></trkpt><trkpt lat="52.0922002662" lon="16.6065395437"></trkpt><trkpt lat="52.0915646665" lon="16.6062170081"></trkpt><trkpt lat="52.091015568" lon="16.6055680811"></trkpt><trkpt lat="52.0836412534" lon="16.5985077526"></trkpt><trkpt lat="52.0812912192" lon="16.596697513"></trkpt><trkpt lat="52.0482927561" lon="16.5650584269"></trkpt><trkpt lat="52.0470033679" lon="16.5633863211"></trkpt><trkpt lat="52.0277994219" lon="16.543647442"></trkpt><trkpt lat="52.0274860226" lon="16.5435037762"></trkpt><trkpt lat="52.0227912348" lon="16.5424786694"></trkpt><trkpt lat="52.0211308636" lon="16.5424377657"></trkpt><trkpt lat="51.9246950559" lon="16.5261228941"></trkpt><trkpt lat="51.9218695164" lon="16.5215964988"></trkpt><trkpt lat="51.9205424096" lon="16.5199361276"></trkpt><trkpt lat="51.919421833" lon="16.5188066661"></trkpt><trkpt lat="51.9179349672" lon="16.5175923798"></trkpt><trkpt lat="51.9156190474" lon="16.5162907541"></trkpt><trkpt lat="51.9148884807" lon="16.5160056856"></trkpt><trkpt lat="51.912300149" lon="16.515430687"></trkpt><trkpt lat="51.9101454131" lon="16.5154725127"></trkpt><trkpt lat="51.9083078485" lon="16.5157955512"></trkpt><trkpt lat="51.8991699815" lon="16.5158745088"></trkpt><trkpt lat="51.8981380854" lon="16.5155772865"></trkpt><trkpt lat="51.8921524845" lon="16.5129452012"></trkpt><trkpt lat="51.882299725" lon="16.5102650039"></trkpt><trkpt lat="51.881236732" lon="16.5103181452"></trkpt><trkpt lat="51.8767419364" lon="16.5112720057"></trkpt><trkpt lat="51.8764015473" lon="16.5114009194"></trkpt><trkpt lat="51.8695454858" lon="16.5154553298"></trkpt><trkpt lat="51.8600750249" lon="16.5195645578"></trkpt><trkpt lat="51.8597493879" lon="16.5196025278"></trkpt><trkpt lat="51.8466283567" lon="16.5157087147"></trkpt><trkpt lat="51.8454894237" lon="16.5148096718"></trkpt><trkpt lat="51.8421977665" lon="16.5115657914"></trkpt><trkpt lat="51.8322398141" lon="16.5043160319"></trkpt><trkpt lat="51.8298801407" lon="16.5041187219"></trkpt><trkpt lat="51.8254483771" lon="16.505189091"></trkpt><trkpt lat="51.8235715851" lon="16.5062633995"></trkpt><trkpt lat="51.8217869103" lon="16.5076779295"></trkpt><trkpt lat="51.8207811657" lon="16.5086618811"></trkpt><trkpt lat="51.8181721307" lon="16.5120231081"></trkpt><trkpt lat="51.8173339404" lon="16.5134422481"></trkpt><trkpt lat="51.8160202447" lon="16.516155554"></trkpt><trkpt lat="51.8155262154" lon="16.5173912141"></trkpt><trkpt lat="51.8138785008" lon="16.5229198337"></trkpt><trkpt lat="51.8135993835" lon="16.524400916"></trkpt><trkpt lat="51.8129652087" lon="16.5294637531"></trkpt><trkpt lat="51.7967666779" lon="16.6146623623"></trkpt><trkpt lat="51.7949355673" lon="16.6171792801"></trkpt><trkpt lat="51.7840317171" lon="16.6296031047"></trkpt><trkpt lat="51.7816711217" lon="16.6314077284"></trkpt><trkpt lat="51.7789018247" lon="16.633028537"></trkpt><trkpt lat="51.7750121187" lon="16.634597294"></trkpt><trkpt lat="51.7695398256" lon="16.6376731172"></trkpt><trkpt lat="51.7686425429" lon="16.6384849884"></trkpt><trkpt lat="51.7669692636" lon="16.6403955594"></trkpt><trkpt lat="51.7652064655" lon="16.6429802869"></trkpt><trkpt lat="51.7636746727" lon="16.645900039"></trkpt><trkpt lat="51.7603227496" lon="16.6537349392"></trkpt><trkpt lat="51.7540176306" lon="16.6651347466"></trkpt><trkpt lat="51.7530086171" lon="16.6664566565"></trkpt><trkpt lat="51.7468896601" lon="16.6729160864"></trkpt><trkpt lat="51.7415561713" lon="16.6800253652"></trkpt><trkpt lat="51.7397769447" lon="16.6830217279"></trkpt><trkpt lat="51.705147028" lon="16.7314981297"></trkpt><trkpt lat="51.7028286774" lon="16.732814759"></trkpt><trkpt lat="51.6969113052" lon="16.7373591755"></trkpt><trkpt lat="51.6950159054" lon="16.7396202777"></trkpt><trkpt lat="51.6930004768" lon="16.7425027303"></trkpt><trkpt lat="51.690214416" lon="16.7472865339"></trkpt><trkpt lat="51.6856584325" lon="16.7567378003"></trkpt><trkpt lat="51.6849758942" lon="16.7586426716"></trkpt><trkpt lat="51.6819482669" lon="16.7652519699"></trkpt><trkpt lat="51.6803414561" lon="16.7678118031"></trkpt><trkpt lat="51.6783129517" lon="16.7705120333"></trkpt><trkpt lat="51.6522549558" lon="16.7986815982"></trkpt><trkpt lat="51.6509368178" lon="16.7992748693"></trkpt><trkpt lat="51.64592335" lon="16.8007595558"></trkpt><trkpt lat="51.6432465054" lon="16.8010537606"></trkpt><trkpt lat="51.6297499649" lon="16.7972625419"></trkpt><trkpt lat="51.6202509217" lon="16.7960739881"></trkpt><trkpt lat="51.6178573016" lon="16.7967435345"></trkpt><trkpt lat="51.6131309979" lon="16.7991801538"></trkpt><trkpt lat="51.6107176803" lon="16.8011051416"></trkpt><trkpt lat="51.6087204404" lon="16.803067429"></trkpt><trkpt lat="51.6069591511" lon="16.805229038"></trkpt><trkpt lat="51.6050945129" lon="16.8080430105"></trkpt><trkpt lat="51.5623265225" lon="16.8615895417"></trkpt><trkpt lat="51.5620023943" lon="16.8615861051"></trkpt><trkpt lat="51.5591852367" lon="16.862092372"></trkpt><trkpt lat="51.5588957258" lon="16.8622326851"></trkpt><trkpt lat="51.5566533152" lon="16.8639718462"></trkpt><trkpt lat="51.5558427013" lon="16.8649287242"></trkpt><trkpt lat="51.5546510462" lon="16.8668558914"></trkpt><trkpt lat="51.5497332998" lon="16.8731491081"></trkpt><trkpt lat="51.5494037233" lon="16.8733061012"></trkpt><trkpt lat="51.5470814332" lon="16.8739572074"></trkpt><trkpt lat="51.5460851602" lon="16.8740743026"></trkpt><trkpt lat="51.5385461412" lon="16.8763813376"></trkpt><trkpt lat="51.537340153" lon="16.8770891894"></trkpt><trkpt lat="51.4788976684" lon="16.9015097804"></trkpt><trkpt lat="51.4780676924" lon="16.9008495379"></trkpt><trkpt lat="51.4754045103" lon="16.8982253317"></trkpt><trkpt lat="51.4739955962" lon="16.8964939658"></trkpt><trkpt lat="51.461745277" lon="16.8841331732"></trkpt><trkpt lat="51.46058782" lon="16.8839205243"></trkpt><trkpt lat="51.4583592396" lon="16.8839291576"></trkpt><trkpt lat="51.4577885158" lon="16.8840247113"></trkpt><trkpt lat="51.4543378539" lon="16.8853914645"></trkpt><trkpt lat="51.4529669099" lon="16.8863563892"></trkpt><trkpt lat="51.4521759097" lon="16.887054015"></trkpt><trkpt lat="51.4371137135" lon="16.897598533"></trkpt><trkpt lat="51.4368409663" lon="16.8976784125"></trkpt><trkpt lat="51.4355022088" lon="16.8984446861"></trkpt><trkpt lat="51.4353900589" lon="16.8989515398"></trkpt><trkpt lat="51.4352344908" lon="16.8993122969"></trkpt><trkpt lat="51.4345744997" lon="16.8999436218"></trkpt><trkpt lat="51.4340661373" lon="16.9003160298"></trkpt><trkpt lat="51.4308862109" lon="16.8998214975"></trkpt><trkpt lat="51.4151528757" lon="16.90552379"></trkpt><trkpt lat="51.413962394" lon="16.9067760464"></trkpt><trkpt lat="51.4048552886" lon="16.9185699709"></trkpt><trkpt lat="51.3869805448" lon="16.9357382879"></trkpt><trkpt lat="51.3855456468" lon="16.9357283972"></trkpt><trkpt lat="51.3704256155" lon="16.939368993"></trkpt><trkpt lat="51.3688234147" lon="16.9412002712"></trkpt><trkpt lat="51.3678382058" lon="16.9425666053"></trkpt><trkpt lat="51.3537658285" lon="16.9665634912"></trkpt><trkpt lat="51.3529093657" lon="16.9703850523"></trkpt><trkpt lat="51.352585908" lon="16.973531954"></trkpt><trkpt lat="51.352489097" lon="16.9759429246"></trkpt><trkpt lat="51.3497712649" lon="16.9996993337"></trkpt><trkpt lat="51.3482574094" lon="17.0031664241"></trkpt><trkpt lat="51.3466718886" lon="17.0058985054"></trkpt><trkpt lat="51.3459060341" lon="17.0069604088"></trkpt><trkpt lat="51.3440055214" lon="17.0091179945"></trkpt><trkpt lat="51.3138524629" lon="17.0372938458"></trkpt><trkpt lat="51.3125541061" lon="17.0373568777"></trkpt><trkpt lat="51.2913969252" lon="17.0413728151"></trkpt><trkpt lat="51.289634211" lon="17.043295037"></trkpt><trkpt lat="51.2879428267" lon="17.0445557591"></trkpt><trkpt lat="51.2864262052" lon="17.0451091323"></trkpt><trkpt lat="51.2846036442" lon="17.0454980526"></trkpt><trkpt lat="51.2642612681" lon="17.0469701663"></trkpt><trkpt lat="51.2639936339" lon="17.0468075573"></trkpt><trkpt lat="51.2407785282" lon="17.0365440007"></trkpt><trkpt lat="51.2364106346" lon="17.03599222"></trkpt><trkpt lat="51.214040257" lon="17.0439965185"></trkpt><trkpt lat="51.2133697886" lon="17.0451485272"></trkpt><trkpt lat="51.2086419761" lon="17.051723795"></trkpt><trkpt lat="51.2077820767" lon="17.0523943473"></trkpt><trkpt lat="51.2050138693" lon="17.0537376311"></trkpt><trkpt lat="51.2040452566" lon="17.0539515372"></trkpt><trkpt lat="51.2020424008" lon="17.0540128928"></trkpt><trkpt lat="51.1987270229" lon="17.0533351321"></trkpt><trkpt lat="51.1808646843" lon="17.0470261574"></trkpt><trkpt lat="51.1803351995" lon="17.0465620514"></trkpt><trkpt lat="51.176828295" lon="17.0426640473"></trkpt><trkpt lat="51.175255347" lon="17.0403968263"></trkpt><trkpt lat="51.1647005193" lon="17.0221272949"></trkpt><trkpt lat="51.1647705082" lon="17.0216342714"></trkpt><trkpt lat="51.1648865975" lon="17.0211460255"></trkpt><trkpt lat="51.1650487874" lon="17.0206986833"></trkpt><trkpt lat="51.1652698182" lon="17.0203203242"></trkpt><trkpt lat="51.1679613311" lon="17.0168030262"></trkpt><trkpt lat="51.1682498362" lon="17.016760027"></trkpt><trkpt lat="51.1686484795" lon="17.0168769546"></trkpt><trkpt lat="51.1688865256" lon="17.0172836445"></trkpt><trkpt lat="51.1689429358" lon="17.0178272948"></trkpt><trkpt lat="51.1687692627" lon="17.0183310471"></trkpt><trkpt lat="51.1684267782" lon="17.0185755473"></trkpt><trkpt lat="51.1680685356" lon="17.018494159"></trkpt><trkpt lat="51.1678165756" lon="17.018092582"></trkpt><trkpt lat="51.1677541304" lon="17.0174782723"></trkpt><trkpt lat="51.1677912623" lon="17.0155630074"></trkpt><trkpt lat="51.1661460623" lon="16.9799431041"></trkpt><trkpt lat="51.1655462533" lon="16.9776112586"></trkpt><trkpt lat="51.1636170745" lon="16.9718859158"></trkpt><trkpt lat="51.1624021176" lon="16.9690280221"></trkpt><trkpt lat="51.158799408" lon="16.9625532534"></trkpt><trkpt lat="51.1458388902" lon="16.9431032985"></trkpt><trkpt lat="51.1456010956" lon="16.9428652525"></trkpt><trkpt lat="51.14086641" lon="16.9392120838"></trkpt><trkpt lat="51.1355009023" lon="16.936002234"></trkpt><trkpt lat="51.1336810235" lon="16.9352223817"></trkpt><trkpt lat="51.1205561366" lon="16.9318640046"></trkpt><trkpt lat="51.1010869034" lon="16.9336122181"></trkpt><trkpt lat="51.0979516525" lon="16.9327265862"></trkpt><trkpt lat="51.0671398602" lon="16.9286111556"></trkpt><trkpt lat="51.0651620664" lon="16.9291750062"></trkpt><trkpt lat="51.045216741" lon="16.9312562328"></trkpt><trkpt lat="51.0446985718" lon="16.9309744332"></trkpt><trkpt lat="51.0437561106" lon="16.9308247324"></trkpt><trkpt lat="51.0435708705" lon="16.9312025048"></trkpt><trkpt lat="51.0434013046" lon="16.9317198358"></trkpt><trkpt lat="51.0432247818" lon="16.9324325491"></trkpt><trkpt lat="51.0431525297" lon="16.9329845812"></trkpt><trkpt lat="51.0431521945" lon="16.9347268436"></trkpt><trkpt lat="51.0433047451" lon="16.9356080331"></trkpt><trkpt lat="51.0437774844" lon="16.9369287696"></trkpt><trkpt lat="51.0440229904" lon="16.937363036"></trkpt><trkpt lat="51.0442937259" lon="16.937746089"></trkpt><trkpt lat="51.0446193628" lon="16.9380502682"></trkpt><trkpt lat="51.0460810829" lon="16.9397759344"></trkpt><trkpt lat="51.0462020338" lon="16.9402858056"></trkpt><trkpt lat="51.0504868627" lon="16.9653832354"></trkpt><trkpt lat="51.0501835216" lon="16.9690094981"></trkpt><trkpt lat="51.0493991431" lon="16.9731668383"></trkpt><trkpt lat="51.0489046108" lon="16.9749360904"></trkpt><trkpt lat="51.0472199321" lon="16.9795134477"></trkpt><trkpt lat="51.046653064" lon="16.9807377923"></trkpt><trkpt lat="51.0451440699" lon="16.9834393635"></trkpt><trkpt lat="51.0442923009" lon="16.984717017"></trkpt><trkpt lat="51.0068469867" lon="17.0316809881"></trkpt><trkpt lat="51.0062432382" lon="17.032303093"></trkpt><trkpt lat="51.0008571949" lon="17.0391265489"></trkpt><trkpt lat="50.9811201598" lon="17.0599161834"></trkpt><trkpt lat="50.9801354539" lon="17.0603035111"></trkpt><trkpt lat="50.9598185588" lon="17.0727006812"></trkpt><trkpt lat="50.9592639282" lon="17.0734401327"></trkpt><trkpt lat="50.9137356933" lon="17.146224305"></trkpt><trkpt lat="50.7993515488" lon="17.3238037247"></trkpt><trkpt lat="50.7990761194" lon="17.3240547627"></trkpt><trkpt lat="50.7899657451" lon="17.3342653457"></trkpt><trkpt lat="50.789636923" lon="17.3348754644"></trkpt><trkpt lat="50.7716719899" lon="17.3752707057"></trkpt><trkpt lat="50.7706705201" lon="17.3805035278"></trkpt><trkpt lat="50.769428825" lon="17.3913000897"></trkpt><trkpt lat="50.7691876777" lon="17.3959657922"></trkpt><trkpt lat="50.7682145387" lon="17.4046817143"></trkpt><trkpt lat="50.7674921025" lon="17.407450676"></trkpt><trkpt lat="50.7665588614" lon="17.4101654906"></trkpt><trkpt lat="50.7644852623" lon="17.4145851843"></trkpt><trkpt lat="50.7355870586" lon="17.4908385426"></trkpt><trkpt lat="50.7349565718" lon="17.4943234026"></trkpt><trkpt lat="50.7334274612" lon="17.4999512639"></trkpt><trkpt lat="50.7325917017" lon="17.5021256134"></trkpt><trkpt lat="50.7186717913" lon="17.5478893798"></trkpt><trkpt lat="50.7184955198" lon="17.5488055218"></trkpt><trkpt lat="50.7004283275" lon="17.6193078887"></trkpt><trkpt lat="50.6973861158" lon="17.6226701215"></trkpt><trkpt lat="50.6862204988" lon="17.637526039"></trkpt><trkpt lat="50.6831130758" lon="17.6425271016"></trkpt><trkpt lat="50.6737436168" lon="17.6606064476"></trkpt><trkpt lat="50.670920508" lon="17.6673615072"></trkpt><trkpt lat="50.6649342366" lon="17.6850521844"></trkpt><trkpt lat="50.6476576254" lon="17.7263747156"></trkpt><trkpt lat="50.6467502005" lon="17.7274377085"></trkpt><trkpt lat="50.6019241177" lon="17.7907883842"></trkpt><trkpt lat="50.5896498263" lon="17.8114501107"></trkpt><trkpt lat="50.5875442084" lon="17.8158432338"></trkpt><trkpt lat="50.5790307093" lon="17.8378019761"></trkpt><trkpt lat="50.5632479209" lon="17.8706934024"></trkpt><trkpt lat="50.5624070484" lon="17.8721263725"></trkpt><trkpt lat="50.5461666081" lon="17.8952779435"></trkpt><trkpt lat="50.5453771167" lon="17.8959836159"></trkpt><trkpt lat="50.5318017025" lon="17.9108189978"></trkpt><trkpt lat="50.5314543564" lon="17.9114119336"></trkpt><trkpt lat="50.5301088933" lon="17.9142061248"></trkpt><trkpt lat="50.5295009539" lon="17.9157397617"></trkpt><trkpt lat="50.5262759328" lon="17.9258772545"></trkpt><trkpt lat="50.5114096217" lon="17.962810602"></trkpt><trkpt lat="50.5098231789" lon="17.9646975361"></trkpt><trkpt lat="50.5080549326" lon="17.9661999084"></trkpt><trkpt lat="50.4890086502" lon="17.9867257643"></trkpt><trkpt lat="50.4885252658" lon="17.9886280373"></trkpt><trkpt lat="50.4819836095" lon="18.0239058752"></trkpt><trkpt lat="50.4824663233" lon="18.0276944954"></trkpt><trkpt lat="50.483403923" lon="18.041493874"></trkpt><trkpt lat="50.4833869077" lon="18.0419530347"></trkpt><trkpt lat="50.4821018782" lon="18.0525990576"></trkpt><trkpt lat="50.4817006364" lon="18.0543955509"></trkpt><trkpt lat="50.4773624148" lon="18.0818013567"></trkpt><trkpt lat="50.4776720423" lon="18.0863389838"></trkpt><trkpt lat="50.4783546645" lon="18.0914386176"></trkpt><trkpt lat="50.480470676" lon="18.1216252036"></trkpt><trkpt lat="50.4801332206" lon="18.1231367122"></trkpt><trkpt lat="50.4799267743" lon="18.1246985123"></trkpt><trkpt lat="50.4798588809" lon="18.1259324122"></trkpt><trkpt lat="50.4792411346" lon="18.1314462796"></trkpt><trkpt lat="50.4789980594" lon="18.1322133075"></trkpt><trkpt lat="50.4777513351" lon="18.1347567961"></trkpt><trkpt lat="50.4769721534" lon="18.1357388198"></trkpt><trkpt lat="50.4761260841" lon="18.1365660299"></trkpt><trkpt lat="50.4697889462" lon="18.1445094757"></trkpt><trkpt lat="50.4693452921" lon="18.1456039008"></trkpt><trkpt lat="50.4663317464" lon="18.1513123959"></trkpt><trkpt lat="50.4647844471" lon="18.1531488709"></trkpt><trkpt lat="50.4633608647" lon="18.1551712565"></trkpt><trkpt lat="50.4630214814" lon="18.1558453292"></trkpt><trkpt lat="50.4623367637" lon="18.1577658746"></trkpt><trkpt lat="50.461919345" lon="18.1598697323"></trkpt><trkpt lat="50.4617981426" lon="18.1615891121"></trkpt><trkpt lat="50.4618357774" lon="18.1629355811"></trkpt><trkpt lat="50.4619682953" lon="18.1642937846"></trkpt><trkpt lat="50.4621885717" lon="18.1656855159"></trkpt><trkpt lat="50.4625760671" lon="18.1674569473"></trkpt><trkpt lat="50.4627004545" lon="18.1678726058"></trkpt><trkpt lat="50.4631789774" lon="18.1690157298"></trkpt><trkpt lat="50.4637323506" lon="18.1700778008"></trkpt><trkpt lat="50.4643733986" lon="18.171030404"></trkpt><trkpt lat="50.4659740068" lon="18.173995167"></trkpt><trkpt lat="50.466502402" lon="18.1758687738"></trkpt><trkpt lat="50.4667484947" lon="18.1773325894"></trkpt><trkpt lat="50.4668474849" lon="18.1783540081"></trkpt><trkpt lat="50.4669256043" lon="18.1804714445"></trkpt><trkpt lat="50.466831727" lon="18.1829823274"></trkpt><trkpt lat="50.4619316664" lon="18.2276597992"></trkpt><trkpt lat="50.4614078812" lon="18.2293640077"></trkpt><trkpt lat="50.4592603538" lon="18.2394264825"></trkpt><trkpt lat="50.4589442722" lon="18.2421953604"></trkpt><trkpt lat="50.4585708585" lon="18.2489623223"></trkpt><trkpt lat="50.458671106" lon="18.2539171167"></trkpt><trkpt lat="50.4562639073" lon="18.289190596"></trkpt><trkpt lat="50.4553116392" lon="18.2923062332"></trkpt><trkpt lat="50.4526141752" lon="18.3035780489"></trkpt><trkpt lat="50.4518960975" lon="18.3081865869"></trkpt><trkpt lat="50.4393778089" lon="18.361414019"></trkpt><trkpt lat="50.4367829394" lon="18.3644501958"></trkpt><trkpt lat="50.4312345386" lon="18.3725202922"></trkpt><trkpt lat="50.4307576921" lon="18.3737303037"></trkpt><trkpt lat="50.4160967376" lon="18.4037267044"></trkpt><trkpt lat="50.4137638025" lon="18.4066952392"></trkpt><trkpt lat="50.4015149921" lon="18.425411107"></trkpt><trkpt lat="50.401013419" lon="18.426634362"></trkpt><trkpt lat="50.3838286735" lon="18.4608697426"></trkpt><trkpt lat="50.3833509888" lon="18.4614650253"></trkpt><trkpt lat="50.3812131006" lon="18.4647384938"></trkpt><trkpt lat="50.3799032606" lon="18.4675030969"></trkpt><trkpt lat="50.3786474839" lon="18.4707719553"></trkpt><trkpt lat="50.3530340642" lon="18.5247325525"></trkpt><trkpt lat="50.3528065793" lon="18.525067661"></trkpt><trkpt lat="50.3503614943" lon="18.5297156777"></trkpt><trkpt lat="50.3498424031" lon="18.5310305469"></trkpt><trkpt lat="50.3444648255" lon="18.5418946669"></trkpt><trkpt lat="50.3435013257" lon="18.5425543226"></trkpt><trkpt lat="50.3424861934" lon="18.5430255532"></trkpt><trkpt lat="50.3417019825" lon="18.543264186"></trkpt><trkpt lat="50.2797851153" lon="18.5714520235"></trkpt><trkpt lat="50.2764279954" lon="18.5741672572"></trkpt><trkpt lat="50.2712530084" lon="18.5794568248"></trkpt><trkpt lat="50.2694006916" lon="18.5825103521"></trkpt><trkpt lat="50.2687994577" lon="18.5837248899"></trkpt><trkpt lat="50.2677693218" lon="18.5862400476"></trkpt><trkpt lat="50.2669178881" lon="18.5888973624"></trkpt><trkpt lat="50.2661553863" lon="18.5922388919"></trkpt><trkpt lat="50.2656512987" lon="18.5957429465"></trkpt><trkpt lat="50.2589077223" lon="18.6739763618"></trkpt><trkpt lat="50.2589183673" lon="18.6744413059"></trkpt><trkpt lat="50.2641161531" lon="18.734042421"></trkpt><trkpt lat="50.2655587625" lon="18.7399318814"></trkpt><trkpt lat="50.2693468798" lon="18.7647287361"></trkpt><trkpt lat="50.2692542598" lon="18.765680166"></trkpt><trkpt lat="50.268446831" lon="18.7705114949"></trkpt><trkpt lat="50.2676232252" lon="18.773461841"></trkpt><trkpt lat="50.2666129544" lon="18.7762331497"></trkpt><trkpt lat="50.2611350454" lon="18.7950770091"></trkpt><trkpt lat="50.2608693391" lon="18.7990915217"></trkpt><trkpt lat="50.2500516549" lon="18.8861558586"></trkpt><trkpt lat="50.2488927729" lon="18.8882395998"></trkpt><trkpt lat="50.2484015096" lon="18.8893447537"></trkpt><trkpt lat="50.2480050456" lon="18.890498355"></trkpt><trkpt lat="50.2477006149" lon="18.8916297443"></trkpt><trkpt lat="50.2474082541" lon="18.8931415044"></trkpt><trkpt lat="50.2472241037" lon="18.8946856186"></trkpt><trkpt lat="50.2471724711" lon="18.8972607069"></trkpt><trkpt lat="50.2472106926" lon="18.8981196005"></trkpt><trkpt lat="50.2474090084" lon="18.9000060316"></trkpt><trkpt lat="50.2500156965" lon="18.9159438014"></trkpt><trkpt lat="50.2553449105" lon="18.9703417663"></trkpt><trkpt lat="50.2551193535" lon="18.9716416318"></trkpt><trkpt lat="50.2331359684" lon="19.0633688215"></trkpt><trkpt lat="50.2324073296" lon="19.0643255319"></trkpt><trkpt lat="50.2318468317" lon="19.0652066376"></trkpt><trkpt lat="50.2311253175" lon="19.0665936749"></trkpt><trkpt lat="50.2307954896" lon="19.0673622116"></trkpt><trkpt lat="50.2298583928" lon="19.0701279044"></trkpt><trkpt lat="50.2184317634" lon="19.1133908462"></trkpt><trkpt lat="50.218289271" lon="19.1146105807"></trkpt><trkpt lat="50.2137317788" lon="19.1399403568"></trkpt><trkpt lat="50.2046997752" lon="19.1762387753"></trkpt><trkpt lat="50.2033339441" lon="19.1787442099"></trkpt><trkpt lat="50.2020090166" lon="19.1806981992"></trkpt><trkpt lat="50.2002209891" lon="19.1828213353"></trkpt><trkpt lat="50.1990245562" lon="19.1839679796"></trkpt><trkpt lat="50.1971713174" lon="19.1854122654"></trkpt><trkpt lat="50.1967849955" lon="19.1856424324"></trkpt><trkpt lat="50.1783086825" lon="19.2005892098"></trkpt><trkpt lat="50.178068541" lon="19.2009396572"></trkpt><trkpt lat="50.1505446341" lon="19.2504805606"></trkpt><trkpt lat="50.1501553785" lon="19.2546681594"></trkpt><trkpt lat="50.1500692125" lon="19.2571787909"></trkpt><trkpt lat="50.1521604136" lon="19.3496581726"></trkpt><trkpt lat="50.1525448076" lon="19.3521860708"></trkpt><trkpt lat="50.1535926294" lon="19.3648645375"></trkpt><trkpt lat="50.1536214631" lon="19.3667528126"></trkpt><trkpt lat="50.1530901343" lon="19.3783837929"></trkpt><trkpt lat="50.1509726141" lon="19.3983409368"></trkpt><trkpt lat="50.1506961789" lon="19.3986140192"></trkpt><trkpt lat="50.1502432209" lon="19.3985510711"></trkpt><trkpt lat="50.1498138998" lon="19.398674285"></trkpt><trkpt lat="50.1494913641" lon="19.3988981657"></trkpt><trkpt lat="50.14693656" lon="19.40019954"></trkpt><trkpt lat="50.13875884" lon="19.3942024559"></trkpt><trkpt lat="50.1385381445" lon="19.3939302955"></trkpt><trkpt lat="50.1382379886" lon="19.3945401628"></trkpt><trkpt lat="50.1374850422" lon="19.3965419289"></trkpt><trkpt lat="50.1373426337" lon="19.3972527981"></trkpt><trkpt lat="50.1374220103" lon="19.3976884894"></trkpt><trkpt lat="50.1373784244" lon="19.398114793"></trkpt><trkpt lat="50.137261413" lon="19.3985271826"></trkpt><trkpt lat="50.1368502807" lon="19.3994499464"></trkpt><trkpt lat="50.1354572922" lon="19.4020371884"></trkpt><trkpt lat="50.134803839" lon="19.4013248943"></trkpt><trkpt lat="50.1345054433" lon="19.4012829009"></trkpt><trkpt lat="50.1340292674" lon="19.4011162687"></trkpt><trkpt lat="50.1329264604" lon="19.4004585408"></trkpt><trkpt lat="50.1318165287" lon="19.3999853823"></trkpt><trkpt lat="50.1307028253" lon="19.4001715444"></trkpt><trkpt lat="50.130196223" lon="19.4001798425"></trkpt><trkpt lat="50.1294504013" lon="19.3998951931"></trkpt><trkpt lat="50.1249336451" lon="19.3973983079"></trkpt><trkpt lat="50.124593759" lon="19.3969152588"></trkpt><trkpt lat="50.1244244445" lon="19.3965628836"></trkpt><trkpt lat="50.124284802" lon="19.3961911462"></trkpt><trkpt lat="50.1222094428" lon="19.391930541"></trkpt><trkpt lat="50.1215494517" lon="19.3916871306"></trkpt><trkpt lat="50.1197817083" lon="19.3914242741"></trkpt><trkpt lat="50.1195026748" lon="19.391298797"></trkpt><trkpt lat="50.1192517206" lon="19.3910569791"></trkpt><trkpt lat="50.1182733011" lon="19.3897816725"></trkpt><trkpt lat="50.1081042923" lon="19.3790044729"></trkpt><trkpt lat="50.1074998733" lon="19.3789178878"></trkpt><trkpt lat="50.1029930916" lon="19.3776424136"></trkpt><trkpt lat="50.0971553475" lon="19.376829369"></trkpt><trkpt lat="50.076287007" lon="19.3845298234"></trkpt><trkpt lat="50.0754095893" lon="19.387051519"></trkpt><trkpt lat="50.0711020455" lon="19.4048327208"></trkpt><trkpt lat="50.0715220626" lon="19.4078905229"></trkpt><trkpt lat="50.0721663795" lon="19.4221373275"></trkpt><trkpt lat="50.0703962054" lon="19.4242757186"></trkpt><trkpt lat="50.061329836" lon="19.4323135447"></trkpt><trkpt lat="50.0596335065" lon="19.4331349712"></trkpt><trkpt lat="50.0589027721" lon="19.4340322539"></trkpt><trkpt lat="50.058313692" lon="19.4354515616"></trkpt><trkpt lat="50.0580743048" lon="19.436966842"></trkpt><trkpt lat="50.058118226" lon="19.4387230184"></trkpt><trkpt lat="50.0585052185" lon="19.4406264648"></trkpt><trkpt lat="50.0596923474" lon="19.4544930663"></trkpt><trkpt lat="50.0594224501" lon="19.4545394182"></trkpt><trkpt lat="50.0585195515" lon="19.4542120211"></trkpt><trkpt lat="50.0576348417" lon="19.453537697"></trkpt><trkpt lat="50.0558018032" lon="19.4530095533"></trkpt><trkpt lat="50.0548207853" lon="19.4529875927"></trkpt><trkpt lat="50.0539680105" lon="19.4524610415"></trkpt><trkpt lat="50.052220216" lon="19.4502391666"></trkpt><trkpt lat="50.0519778952" lon="19.4497840293"></trkpt><trkpt lat="50.0516495761" lon="19.4495531917"></trkpt><trkpt lat="50.0502441823" lon="19.4489418995"></trkpt><trkpt lat="50.0486690551" lon="19.4484922104"></trkpt><trkpt lat="50.0474174693" lon="19.4478524197"></trkpt><trkpt lat="50.0471215881" lon="19.44750214"></trkpt><trkpt lat="50.046276357" lon="19.445771696"></trkpt><trkpt lat="50.0429665949" lon="19.4407156482"></trkpt><trkpt lat="50.0426635891" lon="19.4406431448"></trkpt><trkpt lat="50.0416065473" lon="19.4407309033"></trkpt><trkpt lat="50.0392017793" lon="19.4414699357"></trkpt><trkpt lat="50.0388680957" lon="19.4414665829"></trkpt><trkpt lat="50.0381088629" lon="19.440741213"></trkpt><trkpt lat="50.0317894109" lon="19.43612203"></trkpt><trkpt lat="50.0309753604" lon="19.4362946134"></trkpt><trkpt lat="50.0264781341" lon="19.4365039095"></trkpt><trkpt lat="50.0259646587" lon="19.4362922665"></trkpt><trkpt lat="50.0215424504" lon="19.435577793"></trkpt><trkpt lat="50.0212797616" lon="19.435456004"></trkpt><trkpt lat="50.0196446199" lon="19.4340278115"></trkpt><trkpt lat="50.0175002776" lon="19.4329048879"></trkpt><trkpt lat="50.0164815411" lon="19.4336014241"></trkpt><trkpt lat="50.0150399376" lon="19.4338430744"></trkpt><trkpt lat="50.014042072" lon="19.4347661734"></trkpt><trkpt lat="50.0136567559" lon="19.4350129366"></trkpt><trkpt lat="50.0133252516" lon="19.4349816721"></trkpt><trkpt lat="50.0118761882" lon="19.4343065098"></trkpt><trkpt lat="50.0111108366" lon="19.43406092"></trkpt><trkpt lat="50.0107996166" lon="19.4342488423"></trkpt><trkpt lat="50.0095098093" lon="19.4347746391"></trkpt><trkpt lat="50.0018153898" lon="19.4329408463"></trkpt><trkpt lat="50.0014781021" lon="19.4329416007"></trkpt><trkpt lat="50.0006739423" lon="19.4323270395"></trkpt><trkpt lat="49.9997200817" lon="19.4317532144"></trkpt><trkpt lat="49.999251198" lon="19.4316709042"></trkpt><trkpt lat="49.9981074035" lon="19.4320560526"></trkpt><trkpt lat="49.998065494" lon="19.4332244061"></trkpt><trkpt lat="49.9976409506" lon="19.4372728653"></trkpt><trkpt lat="49.9974700436" lon="19.4376264978"></trkpt><trkpt lat="49.9971711449" lon="19.4379341137"></trkpt><trkpt lat="49.9968845677" lon="19.4380392227"></trkpt><trkpt lat="49.9966998305" lon="19.4375418406"></trkpt><trkpt lat="49.9964156002" lon="19.4373602048"></trkpt><trkpt lat="49.9944155104" lon="19.4379696529"></trkpt><trkpt lat="49.9940883648" lon="19.4380000792"></trkpt><trkpt lat="49.946851898" lon="19.4489056896"></trkpt><trkpt lat="49.9463393446" lon="19.4491667859"></trkpt><trkpt lat="49.9450968113" lon="19.4492243696"></trkpt><trkpt lat="49.9447660614" lon="19.4494316541"></trkpt><trkpt lat="49.9444855191" lon="19.4498311356"></trkpt><trkpt lat="49.9437631667" lon="19.4513205998"></trkpt><trkpt lat="49.9418984447" lon="19.4537693728"></trkpt><trkpt lat="49.9404616188" lon="19.4550798833"></trkpt><trkpt lat="49.9378306232" lon="19.4581111148"></trkpt><trkpt lat="49.9376930762" lon="19.4590063859"></trkpt><trkpt lat="49.9371274654" lon="19.461516263"></trkpt><trkpt lat="49.9368378706" lon="19.4617581647"></trkpt><trkpt lat="49.936569063" lon="19.4618195202"></trkpt><trkpt lat="49.9359576032" lon="19.4620615058"></trkpt><trkpt lat="49.9357696809" lon="19.4624701235"></trkpt><trkpt lat="49.9356825091" lon="19.4630752131"></trkpt><trkpt lat="49.9353674334" lon="19.464587057"></trkpt><trkpt lat="49.9351678602" lon="19.4648780767"></trkpt><trkpt lat="49.9348887429" lon="19.4651228283"></trkpt><trkpt lat="49.9342709966" lon="19.4659388904"></trkpt><trkpt lat="49.9336259253" lon="19.4672273565"></trkpt><trkpt lat="49.9333716184" lon="19.4676099904"></trkpt><trkpt lat="49.9330100231" lon="19.4677417539"></trkpt><trkpt lat="49.9316692539" lon="19.4684701413"></trkpt><trkpt lat="49.9314375781" lon="19.4688133802"></trkpt><trkpt lat="49.9312623963" lon="19.4692106824"></trkpt><trkpt lat="49.9310465623" lon="19.4698804803"></trkpt><trkpt lat="49.930881355" lon="19.4706149865"></trkpt><trkpt lat="49.9301060289" lon="19.4726683851"></trkpt><trkpt lat="49.9298251513" lon="19.4730447326"></trkpt><trkpt lat="49.9287142139" lon="19.4739085715"></trkpt><trkpt lat="49.9126061238" lon="19.483219441"></trkpt><trkpt lat="49.9105860014" lon="19.4836462475"></trkpt><trkpt lat="49.909352269" lon="19.4841033127"></trkpt><trkpt lat="49.9068465829" lon="19.4845446199"></trkpt><trkpt lat="49.9020483624" lon="19.4844563585"></trkpt><trkpt lat="49.9006490875" lon="19.4850292616"></trkpt><trkpt lat="49.8961076885" lon="19.4881134667"></trkpt><trkpt lat="49.8952487111" lon="19.4888426084"></trkpt><trkpt lat="49.8940853029" lon="19.4892078917"></trkpt><trkpt lat="49.8903413583" lon="19.4909517467"></trkpt><trkpt lat="49.890007088" lon="19.491170682"></trkpt><trkpt lat="49.8897103686" lon="19.4911330473"></trkpt><trkpt lat="49.8896817025" lon="19.4915540703"></trkpt><trkpt lat="49.8897526134" lon="19.4919828884"></trkpt><trkpt lat="49.8897924274" lon="19.4927382655"></trkpt><trkpt lat="49.8896838818" lon="19.4958526455"></trkpt><trkpt lat="49.8892074544" lon="19.497059891"></trkpt><trkpt lat="49.8889215477" lon="19.4975315407"></trkpt><trkpt lat="49.8886881955" lon="19.497765312"></trkpt><trkpt lat="49.8775429465" lon="19.5068751834"></trkpt><trkpt lat="49.877837738" lon="19.5063300245"></trkpt><trkpt lat="49.877789123" lon="19.5059152879"></trkpt><trkpt lat="49.8773453012" lon="19.5053516887"></trkpt><trkpt lat="49.8769408744" lon="19.5035333186"></trkpt><trkpt lat="49.8755838443" lon="19.4988934323"></trkpt><trkpt lat="49.8748914152" lon="19.499262739"></trkpt><trkpt lat="49.8650652263" lon="19.5063145179"></trkpt><trkpt lat="49.8645459674" lon="19.5068751834"></trkpt><trkpt lat="49.8642595578" lon="19.5070451684"></trkpt><trkpt lat="49.8639707174" lon="19.5071252994"></trkpt><trkpt lat="49.8628188763" lon="19.5070947893"></trkpt><trkpt lat="49.8613721598" lon="19.5062137675"></trkpt><trkpt lat="49.8580683488" lon="19.5055965241"></trkpt><trkpt lat="49.8568676412" lon="19.5066701621"></trkpt><trkpt lat="49.8561376613" lon="19.5076533593"></trkpt><trkpt lat="49.85521934" lon="19.5091670472"></trkpt><trkpt lat="49.8548584152" lon="19.5094690472"></trkpt><trkpt lat="49.8545844108" lon="19.5096151438"></trkpt><trkpt lat="49.853710765" lon="19.5098754019"></trkpt><trkpt lat="49.8529102094" lon="19.5098971948"></trkpt><trkpt lat="49.8414074723" lon="19.5131817274"></trkpt><trkpt lat="49.8405265342" lon="19.5155171771"></trkpt><trkpt lat="49.8379055131" lon="19.5201955363"></trkpt><trkpt lat="49.8371186201" lon="19.5206459798"></trkpt><trkpt lat="49.8284864333" lon="19.5240370464"></trkpt><trkpt lat="49.8264435958" lon="19.5226516854"></trkpt><trkpt lat="49.8255799245" lon="19.5215182845"></trkpt><trkpt lat="49.8225918598" lon="19.5187038928"></trkpt><trkpt lat="49.8214504961" lon="19.5185500849"></trkpt><trkpt lat="49.8192203231" lon="19.5195967332"></trkpt><trkpt lat="49.8182774428" lon="19.5207647514"></trkpt><trkpt lat="49.8175932281" lon="19.5223220252"></trkpt><trkpt lat="49.8172078282" lon="19.5234440267"></trkpt><trkpt lat="49.8162177578" lon="19.5257508103"></trkpt><trkpt lat="49.8156976607" lon="19.5264020003"></trkpt><trkpt lat="49.8149186466" lon="19.5271738898"></trkpt><trkpt lat="49.8133643903" lon="19.5290929265"></trkpt><trkpt lat="49.8123636749" lon="19.5307926927"></trkpt><trkpt lat="49.8111420963" lon="19.533550255"></trkpt><trkpt lat="49.8017559573" lon="19.5509572886"></trkpt><trkpt lat="49.8012520373" lon="19.5514208917"></trkpt><trkpt lat="49.7976985294" lon="19.5556699298"></trkpt><trkpt lat="49.797433326" lon="19.5573697798"></trkpt><trkpt lat="49.7974423785" lon="19.5582632069"></trkpt><trkpt lat="49.7977894731" lon="19.5600433555"></trkpt><trkpt lat="49.798436556" lon="19.5625448506"></trkpt><trkpt lat="49.8003446963" lon="19.5735817216"></trkpt><trkpt lat="49.7996194102" lon="19.5759717375"></trkpt><trkpt lat="49.7961610369" lon="19.5849334169"></trkpt><trkpt lat="49.795861803" lon="19.585122345"></trkpt><trkpt lat="49.7951511852" lon="19.5853116084"></trkpt><trkpt lat="49.7934270278" lon="19.5840761159"></trkpt><trkpt lat="49.7920979932" lon="19.5820196159"></trkpt><trkpt lat="49.7889421228" lon="19.5784868952"></trkpt><trkpt lat="49.7876637988" lon="19.5782150701"></trkpt><trkpt lat="49.7833336238" lon="19.5798012614"></trkpt><trkpt lat="49.7822487541" lon="19.5811006241"></trkpt><trkpt lat="49.7817299981" lon="19.5823681355"></trkpt><trkpt lat="49.7814767808" lon="19.5833806694"></trkpt><trkpt lat="49.779674504" lon="19.5885865856"></trkpt><trkpt lat="49.7789642215" lon="19.5894828625"></trkpt><trkpt lat="49.7784704436" lon="19.5899239182"></trkpt><trkpt lat="49.7769727651" lon="19.5909144077"></trkpt><trkpt lat="49.7758030705" lon="19.5913870633"></trkpt><trkpt lat="49.7752497811" lon="19.5915320702"></trkpt><trkpt lat="49.7749754414" lon="19.591643801"></trkpt><trkpt lat="49.7742638178" lon="19.5921090804"></trkpt><trkpt lat="49.7735632583" lon="19.5923438575"></trkpt><trkpt lat="49.7723217309" lon="19.5924672391"></trkpt><trkpt lat="49.7645153292" lon="19.5954368636"></trkpt><trkpt lat="49.7628467437" lon="19.5969853364"></trkpt><trkpt lat="49.7619223874" lon="19.5984436199"></trkpt><trkpt lat="49.7604620922" lon="19.6013999172"></trkpt><trkpt lat="49.7597543243" lon="19.6025794186"></trkpt><trkpt lat="49.7589277849" lon="19.6032556705"></trkpt><trkpt lat="49.7579603456" lon="19.6035322733"></trkpt><trkpt lat="49.7559871618" lon="19.6037633624"></trkpt><trkpt lat="49.7517163306" lon="19.6050969232"></trkpt><trkpt lat="49.7494454216" lon="19.6051750425"></trkpt><trkpt lat="49.7479386069" lon="19.6044976171"></trkpt><trkpt lat="49.7436057497" lon="19.6036585048"></trkpt><trkpt lat="49.7422963288" lon="19.6045410354"></trkpt><trkpt lat="49.7396344878" lon="19.6070522536"></trkpt><trkpt lat="49.7394410335" lon="19.6073914692"></trkpt><trkpt lat="49.7391549591" lon="19.6071592905"></trkpt><trkpt lat="49.7389361076" lon="19.6066295542"></trkpt><trkpt lat="49.7389101237" lon="19.6061604191"></trkpt><trkpt lat="49.7390537057" lon="19.6057196986"></trkpt><trkpt lat="49.7392833699" lon="19.6054049581"></trkpt><trkpt lat="49.7421944886" lon="19.6003824379"></trkpt><trkpt lat="49.7422301956" lon="19.5989877731"></trkpt><trkpt lat="49.7419827618" lon="19.5952367038"></trkpt><trkpt lat="49.7401616257" lon="19.5812810864"></trkpt><trkpt lat="49.7396748886" lon="19.5798257366"></trkpt><trkpt lat="49.7383683175" lon="19.5744148828"></trkpt><trkpt lat="49.7381989192" lon="19.5733725093"></trkpt><trkpt lat="49.7362205386" lon="19.5522558969"></trkpt><trkpt lat="49.7363578342" lon="19.548491165"></trkpt><trkpt lat="49.7356517427" lon="19.5357526839"></trkpt><trkpt lat="49.7351769917" lon="19.5342191309"></trkpt><trkpt lat="49.7346255463" lon="19.5318609662"></trkpt><trkpt lat="49.7347236983" lon="19.5314574614"></trkpt><trkpt lat="49.7352468967" lon="19.5301625412"></trkpt><trkpt lat="49.7353048995" lon="19.5296423603"></trkpt><trkpt lat="49.7345624305" lon="19.5283052791"></trkpt><trkpt lat="49.7312129382" lon="19.5241308399"></trkpt><trkpt lat="49.7303316649" lon="19.524877416"></trkpt><trkpt lat="49.7285494208" lon="19.5260178577"></trkpt><trkpt lat="49.7281469218" lon="19.5261136629"></trkpt><trkpt lat="49.7268069908" lon="19.5260088053"></trkpt><trkpt lat="49.7255734261" lon="19.5257049613"></trkpt><trkpt lat="49.7243583854" lon="19.5252058189"></trkpt><trkpt lat="49.7125313524" lon="19.5220858231"></trkpt><trkpt lat="49.7121875267" lon="19.5228121988"></trkpt><trkpt lat="49.7117968462" lon="19.5238876808"></trkpt><trkpt lat="49.7110185027" lon="19.5265986398"></trkpt><trkpt lat="49.7109911777" lon="19.5270272903"></trkpt><trkpt lat="49.7108435724" lon="19.5274059009"></trkpt><trkpt lat="49.7102440987" lon="19.5282297581"></trkpt><trkpt lat="49.7080094833" lon="19.5304542314"></trkpt><trkpt lat="49.7072936688" lon="19.5318293665"></trkpt><trkpt lat="49.7070421278" lon="19.5322022773"></trkpt><trkpt lat="49.7066215239" lon="19.533029655"></trkpt><trkpt lat="49.7065880802" lon="19.5335221756"></trkpt><trkpt lat="49.7064817138" lon="19.533932386"></trkpt><trkpt lat="49.7061512992" lon="19.5342070609"></trkpt><trkpt lat="49.7059415001" lon="19.5345249027"></trkpt><trkpt lat="49.7057473753" lon="19.5351149049"></trkpt><trkpt lat="49.7043034248" lon="19.538233811"></trkpt><trkpt lat="49.7034869436" lon="19.5388140902"></trkpt><trkpt lat="49.7012155317" lon="19.5409187023"></trkpt><trkpt lat="49.6985720471" lon="19.54396368"></trkpt><trkpt lat="49.6927923895" lon="19.5520879235"></trkpt><trkpt lat="49.6925686765" lon="19.5523242094"></trkpt><trkpt lat="49.6923297085" lon="19.551968649"></trkpt><trkpt lat="49.6923481487" lon="19.5511764754"></trkpt><trkpt lat="49.6922439616" lon="19.5507289656"></trkpt><trkpt lat="49.6919683646" lon="19.5506816916"></trkpt><trkpt lat="49.6918652672" lon="19.5510685164"></trkpt><trkpt lat="49.6912077069" lon="19.5529805124"></trkpt><trkpt lat="49.6909793001" lon="19.5532526728"></trkpt><trkpt lat="49.6907233167" lon="19.5534457918"></trkpt><trkpt lat="49.6902604681" lon="19.5535173733"></trkpt><trkpt lat="49.6893601678" lon="19.5540446788"></trkpt><trkpt lat="49.6891153324" lon="19.5544315875"></trkpt><trkpt lat="49.687847821" lon="19.5561010949"></trkpt><trkpt lat="49.6857099328" lon="19.5608324278"></trkpt><trkpt lat="49.6858566999" lon="19.56252289"></trkpt><trkpt lat="49.6860043891" lon="19.563391339"></trkpt><trkpt lat="49.6865019388" lon="19.5637469832"></trkpt><trkpt lat="49.6869772766" lon="19.5641825069"></trkpt><trkpt lat="49.6875977889" lon="19.5648902748"></trkpt><trkpt lat="49.6895962022" lon="19.5681269467"></trkpt><trkpt lat="49.6928144339" lon="19.5723934192"></trkpt><trkpt lat="49.6931352094" lon="19.5726965927"></trkpt><trkpt lat="49.6934199426" lon="19.5728774741"></trkpt><trkpt lat="49.6938911732" lon="19.5731030311"></trkpt><trkpt lat="49.6944310516" lon="19.5732578449"></trkpt><trkpt lat="49.6947161201" lon="19.5728308707"></trkpt><trkpt lat="49.6949017793" lon="19.5723886415"></trkpt><trkpt lat="49.6951076388" lon="19.5720744878"></trkpt><trkpt lat="49.6961625852" lon="19.5700773317"></trkpt><trkpt lat="49.6963412873" lon="19.5695555583"></trkpt><trkpt lat="49.6966924053" lon="19.5681981929"></trkpt><trkpt lat="49.6969860233" lon="19.5674592443"></trkpt><trkpt lat="49.6971752867" lon="19.5670987386"></trkpt><trkpt lat="49.6974117402" lon="19.5667315274"></trkpt><trkpt lat="49.6977645345" lon="19.5663054753"></trkpt><trkpt lat="49.6980353538" lon="19.5660772361"></trkpt><trkpt lat="49.6982474159" lon="19.5656758267"></trkpt><trkpt lat="49.6984273754" lon="19.5649171807"></trkpt><trkpt lat="49.6989779826" lon="19.564471934"></trkpt><trkpt lat="49.6992230695" lon="19.5639348216"></trkpt><trkpt lat="49.6998348646" lon="19.5628167596"></trkpt><trkpt lat="49.7003213502" lon="19.5623139292"></trkpt><trkpt lat="49.700592421" lon="19.5621205587"></trkpt><trkpt lat="49.7007736377" lon="19.5618028846"></trkpt><trkpt lat="49.7008861229" lon="19.5614047442"></trkpt><trkpt lat="49.7009794973" lon="19.5609571505"></trkpt><trkpt lat="49.7004924249" lon="19.5613308996"></trkpt><trkpt lat="49.700497454" lon="19.5604969002"></trkpt><trkpt lat="49.7000731621" lon="19.5607346948"></trkpt><trkpt lat="49.6997684799" lon="19.560755901"></trkpt><trkpt lat="49.699599836" lon="19.5603870135"></trkpt><trkpt lat="49.699621629" lon="19.5601079799"></trkpt></trkseg><trkseg><trkpt lat="53.5978248529" lon="19.5568610821"></trkpt><trkpt lat="53.5976287164" lon="19.5565240458"></trkpt><trkpt lat="53.5975439753" lon="19.5560168568"></trkpt><trkpt lat="53.597435765" lon="19.5555759687"></trkpt><trkpt lat="53.5973696318" lon="19.5550465677"></trkpt><trkpt lat="53.5973865632" lon="19.5545215253"></trkpt><trkpt lat="53.5976558737" lon="19.5543491933"></trkpt><trkpt lat="53.5978950094" lon="19.5540772844"></trkpt><trkpt lat="53.5981734563" lon="19.5539302658"></trkpt><trkpt lat="53.598481575" lon="19.5537057985"></trkpt><trkpt lat="53.5988105647" lon="19.5535275992"></trkpt><trkpt lat="53.5991084576" lon="19.5535189658"></trkpt><trkpt lat="53.5994171631" lon="19.5533623919"></trkpt><trkpt lat="53.5998449754" lon="19.5533874538"></trkpt><trkpt lat="53.6001888011" lon="19.5534690097"></trkpt><trkpt lat="53.6005063914" lon="19.5536455326"></trkpt><trkpt lat="53.6008235626" lon="19.5537324529"></trkpt><trkpt lat="53.601086" lon="19.5539225545"></trkpt><trkpt lat="53.6009942181" lon="19.5544309169"></trkpt><trkpt lat="53.601083234" lon="19.5540001709"></trkpt><trkpt lat="53.6008010991" lon="19.553663386"></trkpt><trkpt lat="53.6004958302" lon="19.5534927305"></trkpt><trkpt lat="53.6002094205" lon="19.5533893816"></trkpt><trkpt lat="53.5997294728" lon="19.5532996953"></trkpt><trkpt lat="53.5994047578" lon="19.5534574427"></trkpt><trkpt lat="53.5991252214" lon="19.5534734521"></trkpt><trkpt lat="53.5986078903" lon="19.5536152739"></trkpt><trkpt lat="53.5983289406" lon="19.5537788887"></trkpt><trkpt lat="53.5973980464" lon="19.554534182"></trkpt><trkpt lat="53.5974697117" lon="19.5551513415"></trkpt><trkpt lat="53.5975768324" lon="19.5557136834"></trkpt><trkpt lat="53.5979076661" lon="19.5566514507"></trkpt><trkpt lat="53.598210169" lon="19.5566375367"></trkpt><trkpt lat="53.5982151981" lon="19.5572687779"></trkpt><trkpt lat="53.5979365837" lon="19.5576975122"></trkpt><trkpt lat="53.5984099936" lon="19.5569758303"></trkpt><trkpt lat="53.5984858498" lon="19.5574314706"></trkpt><trkpt lat="53.5987367202" lon="19.5576101728"></trkpt><trkpt lat="53.5979885515" lon="19.5572520141"></trkpt><trkpt lat="53.5977832787" lon="19.5568409655"></trkpt><trkpt lat="53.5976630822" lon="19.5562986564"></trkpt><trkpt lat="53.5973929334" lon="19.5546290651"></trkpt><trkpt lat="53.5973909218" lon="19.5541541465"></trkpt><trkpt lat="53.5973066837" lon="19.554626802"></trkpt><trkpt lat="53.5975674447" lon="19.5560290106"></trkpt><trkpt lat="53.5979095101" lon="19.5574105158"></trkpt><trkpt lat="53.5981939919" lon="19.5577220712"></trkpt><trkpt lat="53.5990848206" lon="19.5590086095"></trkpt><trkpt lat="53.5991078708" lon="19.5595589653"></trkpt><trkpt lat="53.5989468545" lon="19.56099906"></trkpt><trkpt lat="53.5988019314" lon="19.5614329074"></trkpt><trkpt lat="53.5985530727" lon="19.5616253559"></trkpt><trkpt lat="53.5977469012" lon="19.5615121163"></trkpt><trkpt lat="53.5974423867" lon="19.5617235079"></trkpt><trkpt lat="53.5972646903" lon="19.5621293597"></trkpt><trkpt lat="53.5970812105" lon="19.5628730021"></trkpt><trkpt lat="53.5950001515" lon="19.5682337321"></trkpt><trkpt lat="53.5940591991" lon="19.5682073291"></trkpt><trkpt lat="53.5913911555" lon="19.5690359641"></trkpt><trkpt lat="53.5898441914" lon="19.5701251086"></trkpt><trkpt lat="53.5880480334" lon="19.5717224479"></trkpt><trkpt lat="53.5874704365" lon="19.5726281963"></trkpt><trkpt lat="53.5773977358" lon="19.5916793402"></trkpt><trkpt lat="53.57637682" lon="19.593214402"></trkpt><trkpt lat="53.5603600927" lon="19.6132794209"></trkpt><trkpt lat="53.5587084386" lon="19.6142648812"></trkpt><trkpt lat="53.5566368513" lon="19.6159913857"></trkpt><trkpt lat="53.5356950015" lon="19.6378026064"></trkpt><trkpt lat="53.5343975667" lon="19.6404505335"></trkpt><trkpt lat="53.5239308327" lon="19.6580216009"></trkpt><trkpt lat="53.5218836367" lon="19.6601466648"></trkpt><trkpt lat="53.5215553176" lon="19.6606447175"></trkpt><trkpt lat="53.5213937145" lon="19.6610820014"></trkpt><trkpt lat="53.5212836601" lon="19.6616017632"></trkpt><trkpt lat="53.5201324895" lon="19.6656190418"></trkpt><trkpt lat="53.5199402086" lon="19.6659578383"></trkpt><trkpt lat="53.5197118856" lon="19.6662532166"></trkpt><trkpt lat="53.5194559023" lon="19.6665206831"></trkpt><trkpt lat="53.5096059088" lon="19.6747384686"></trkpt><trkpt lat="53.5082508903" lon="19.6750052646"></trkpt><trkpt lat="53.5054904781" lon="19.6760058962"></trkpt><trkpt lat="53.5041533969" lon="19.6774076857"></trkpt><trkpt lat="53.5030800104" lon="19.6779830195"></trkpt><trkpt lat="53.5025474243" lon="19.6783818305"></trkpt><trkpt lat="53.5022454243" lon="19.6782871988"></trkpt><trkpt lat="53.5021150857" lon="19.6775517706"></trkpt><trkpt lat="53.5019591823" lon="19.6770636085"></trkpt><trkpt lat="53.5012313817" lon="19.6753781755"></trkpt><trkpt lat="53.5010083392" lon="19.6749543026"></trkpt><trkpt lat="53.5004220251" lon="19.6741933934"></trkpt><trkpt lat="53.4998565819" lon="19.6737479791"></trkpt><trkpt lat="53.4988466464" lon="19.672696637"></trkpt><trkpt lat="53.4983510245" lon="19.6720621269"></trkpt><trkpt lat="53.4973218944" lon="19.6711128764"></trkpt><trkpt lat="53.497077981" lon="19.6706635226"></trkpt><trkpt lat="53.4964871407" lon="19.6692162193"></trkpt><trkpt lat="53.4748759959" lon="19.6262800042"></trkpt><trkpt lat="53.4743219521" lon="19.6259982884"></trkpt><trkpt lat="53.4682249557" lon="19.621123625"></trkpt><trkpt lat="53.4671484679" lon="19.6193861403"></trkpt><trkpt lat="53.4544954821" lon="19.6030653175"></trkpt><trkpt lat="53.4529514518" lon="19.6023360919"></trkpt><trkpt lat="53.4472049866" lon="19.5984906424"></trkpt><trkpt lat="53.4469396155" lon="19.5983846113"></trkpt><trkpt lat="53.4464625176" lon="19.5984665025"></trkpt><trkpt lat="53.4417103138" lon="19.596725665"></trkpt><trkpt lat="53.4403173253" lon="19.5956042502"></trkpt><trkpt lat="53.4310280811" lon="19.5898476429"></trkpt><trkpt lat="53.4297035728" lon="19.5893104468"></trkpt><trkpt lat="53.4246918652" lon="19.5883936342"></trkpt><trkpt lat="53.4237805009" lon="19.5894760732"></trkpt><trkpt lat="53.423180189" lon="19.5905983262"></trkpt><trkpt lat="53.4221902862" lon="19.5921114273"></trkpt><trkpt lat="53.4218792338" lon="19.5919881295"></trkpt><trkpt lat="53.4216219932" lon="19.5918399375"></trkpt><trkpt lat="53.4211484995" lon="19.5922216494"></trkpt><trkpt lat="53.4204725828" lon="19.5931059401"></trkpt><trkpt lat="53.420195058" lon="19.5933962893"></trkpt><trkpt lat="53.4187757503" lon="19.5941680111"></trkpt><trkpt lat="53.4179114085" lon="19.5942588709"></trkpt><trkpt lat="53.4040691983" lon="19.5896785799"></trkpt><trkpt lat="53.402859522" lon="19.5873381849"></trkpt><trkpt lat="53.4010731708" lon="19.5845094603"></trkpt><trkpt lat="53.4002561029" lon="19.5837371517"></trkpt><trkpt lat="53.3828083333" lon="19.5730476268"></trkpt><trkpt lat="53.3814313542" lon="19.5734865032"></trkpt><trkpt lat="53.3715333324" lon="19.5749142766"></trkpt><trkpt lat="53.3709420729" lon="19.5746498276"></trkpt><trkpt lat="53.3686018456" lon="19.5731958188"></trkpt><trkpt lat="53.367932383" lon="19.5726063196"></trkpt><trkpt lat="53.3671990503" lon="19.5722982008"></trkpt><trkpt lat="53.36581151" lon="19.5721073449"></trkpt><trkpt lat="53.3459412027" lon="19.566211598"></trkpt><trkpt lat="53.3407621086" lon="19.5637838636"></trkpt><trkpt lat="53.3401096612" lon="19.5629426558"></trkpt><trkpt lat="53.3388501965" lon="19.5607414842"></trkpt><trkpt lat="53.3340058755" lon="19.5542450901"></trkpt><trkpt lat="53.3320294227" lon="19.5529037341"></trkpt><trkpt lat="53.3307333291" lon="19.5522604231"></trkpt><trkpt lat="53.3304822911" lon="19.5520664658"></trkpt><trkpt lat="53.3298763633" lon="19.550930215"></trkpt><trkpt lat="53.3287109435" lon="19.5491402596"></trkpt><trkpt lat="53.3284168225" lon="19.5485308114"></trkpt><trkpt lat="53.3277462702" lon="19.5473789703"></trkpt><trkpt lat="53.3273421787" lon="19.5461977925"></trkpt><trkpt lat="53.3242291398" lon="19.5390365459"></trkpt><trkpt lat="53.323714491" lon="19.5382333919"></trkpt><trkpt lat="53.2968457974" lon="19.5035468135"></trkpt><trkpt lat="53.2854067627" lon="19.4858213514"></trkpt><trkpt lat="53.2850415632" lon="19.4849228114"></trkpt><trkpt lat="53.2808346022" lon="19.471581839"></trkpt><trkpt lat="53.2805263158" lon="19.468938522"></trkpt><trkpt lat="53.2728924975" lon="19.4248351268"></trkpt><trkpt lat="53.2723859791" lon="19.4244963303"></trkpt><trkpt lat="53.272114573" lon="19.4243926462"></trkpt><trkpt lat="53.2717957254" lon="19.424334392"></trkpt><trkpt lat="53.2715439331" lon="19.4240390137"></trkpt><trkpt lat="53.2712791488" lon="19.4236428849"></trkpt><trkpt lat="53.2709681801" lon="19.4229727518"></trkpt><trkpt lat="53.2705240231" lon="19.4210247137"></trkpt><trkpt lat="53.2680029981" lon="19.4128660206"></trkpt><trkpt lat="53.2670172863" lon="19.41083299"></trkpt><trkpt lat="53.2664051559" lon="19.4091603812"></trkpt><trkpt lat="53.2657403033" lon="19.4067900628"></trkpt><trkpt lat="53.2653551549" lon="19.4058233779"></trkpt><trkpt lat="53.2652635407" lon="19.4052884448"></trkpt><trkpt lat="53.2651074696" lon="19.4047900569"></trkpt><trkpt lat="53.2648971677" lon="19.4038232043"></trkpt><trkpt lat="53.2607260812" lon="19.3762956094"></trkpt><trkpt lat="53.2607769594" lon="19.375023488"></trkpt><trkpt lat="53.2605267595" lon="19.3696934357"></trkpt><trkpt lat="53.2598769944" lon="19.3661701027"></trkpt><trkpt lat="53.2596534491" lon="19.3627322651"></trkpt><trkpt lat="53.2595198415" lon="19.3496738467"></trkpt><trkpt lat="53.2592730783" lon="19.3472526502"></trkpt><trkpt lat="53.2541151904" lon="19.3176861573"></trkpt><trkpt lat="53.2530081924" lon="19.3147514854"></trkpt><trkpt lat="53.2470463123" lon="19.3023018446"></trkpt><trkpt lat="53.246096978" lon="19.3012900651"></trkpt><trkpt lat="53.2452483941" lon="19.3006062694"></trkpt><trkpt lat="53.2423832919" lon="19.2970063258"></trkpt><trkpt lat="53.2417875901" lon="19.294407852"></trkpt><trkpt lat="53.2405832782" lon="19.2904921621"></trkpt><trkpt lat="53.2400709763" lon="19.2894555721"></trkpt><trkpt lat="53.2344927359" lon="19.2753299698"></trkpt><trkpt lat="53.2345000282" lon="19.2746952083"></trkpt><trkpt lat="53.2331699878" lon="19.2498082481"></trkpt><trkpt lat="53.2323349826" lon="19.2444931995"></trkpt><trkpt lat="53.2213541027" lon="19.1965198796"></trkpt><trkpt lat="53.2190313097" lon="19.1924162675"></trkpt><trkpt lat="53.2132376544" lon="19.1796980705"></trkpt><trkpt lat="53.2131191343" lon="19.1791852657"></trkpt><trkpt lat="53.2129422761" lon="19.1786952596"></trkpt><trkpt lat="53.2127120253" lon="19.1782466602"></trkpt><trkpt lat="53.2117060293" lon="19.1768361535"></trkpt><trkpt lat="53.2044151984" lon="19.1633406188"></trkpt><trkpt lat="53.2040317263" lon="19.1602562461"></trkpt><trkpt lat="53.1817719061" lon="18.9931012318"></trkpt><trkpt lat="53.181496812" lon="18.992664367"></trkpt><trkpt lat="53.1801531091" lon="18.9911210071"></trkpt><trkpt lat="53.179825712" lon="18.9905285742"></trkpt><trkpt lat="53.1794278231" lon="18.9892111905"></trkpt><trkpt lat="53.1740204059" lon="18.9652319066"></trkpt><trkpt lat="53.1731769349" lon="18.9599508047"></trkpt><trkpt lat="53.1684062909" lon="18.9385058731"></trkpt><trkpt lat="53.1676886324" lon="18.9364808891"></trkpt><trkpt lat="53.1250617094" lon="18.8382931799"></trkpt><trkpt lat="53.1233196147" lon="18.8363306411"></trkpt><trkpt lat="53.1158030592" lon="18.8260205649"></trkpt><trkpt lat="53.1156098563" lon="18.8235667627"></trkpt><trkpt lat="53.1137023866" lon="18.8107971009"></trkpt><trkpt lat="53.1130687986" lon="18.8085432071"></trkpt><trkpt lat="53.1124544889" lon="18.8073265739"></trkpt><trkpt lat="53.1114262808" lon="18.8060000539"></trkpt><trkpt lat="53.106735684" lon="18.7984064687"></trkpt><trkpt lat="53.1057377346" lon="18.7962506432"></trkpt><trkpt lat="53.0958388746" lon="18.7786384206"></trkpt><trkpt lat="53.0947664939" lon="18.7778152339"></trkpt><trkpt lat="53.069626065" lon="18.7536080461"></trkpt><trkpt lat="53.0685965996" lon="18.7507054769"></trkpt><trkpt lat="53.048340138" lon="18.7036405876"></trkpt><trkpt lat="53.0475923046" lon="18.7024783529"></trkpt><trkpt lat="53.0466536991" lon="18.7013011985"></trkpt><trkpt lat="53.0463839695" lon="18.7011308782"></trkpt><trkpt lat="53.0453541689" lon="18.7009292096"></trkpt><trkpt lat="53.0435181968" lon="18.6999004148"></trkpt><trkpt lat="53.0428805854" lon="18.6992563494"></trkpt><trkpt lat="53.026649449" lon="18.6786552239"></trkpt><trkpt lat="53.0262413342" lon="18.676264286"></trkpt><trkpt lat="53.0200812221" lon="18.6504093837"></trkpt><trkpt lat="53.0197267514" lon="18.6514177267"></trkpt><trkpt lat="53.0190696102" lon="18.652656069"></trkpt><trkpt lat="53.0181538034" lon="18.6536025535"></trkpt><trkpt lat="53.0169815104" lon="18.6541637219"></trkpt><trkpt lat="53.0044071469" lon="18.6577814352"></trkpt><trkpt lat="53.0013843812" lon="18.6564059649"></trkpt><trkpt lat="53.000923628" lon="18.6560524162"></trkpt><trkpt lat="52.9932128638" lon="18.6518210638"></trkpt><trkpt lat="52.9923919402" lon="18.6517119315"></trkpt><trkpt lat="52.9921447579" lon="18.6514713708"></trkpt><trkpt lat="52.9919399042" lon="18.6510871444"></trkpt><trkpt lat="52.9918295983" lon="18.6506513692"></trkpt><trkpt lat="52.9917786364" lon="18.6501761153"></trkpt><trkpt lat="52.9918046203" lon="18.6491134576"></trkpt><trkpt lat="52.9910841119" lon="18.6236830987"></trkpt><trkpt lat="52.9891545977" lon="18.600687515"></trkpt><trkpt lat="52.9888081737" lon="18.6001144443"></trkpt><trkpt lat="52.9886646755" lon="18.5997321457"></trkpt><trkpt lat="52.9885528609" lon="18.599308189"></trkpt><trkpt lat="52.9884792678" lon="18.5988583323"></trkpt><trkpt lat="52.9884552956" lon="18.5983638838"></trkpt><trkpt lat="52.9884838779" lon="18.5978449602"></trkpt><trkpt lat="52.9885632545" lon="18.5973076802"></trkpt><trkpt lat="52.9896146804" lon="18.5826271959"></trkpt><trkpt lat="52.9884171579" lon="18.5813545715"></trkpt><trkpt lat="52.9754625913" lon="18.5632277839"></trkpt><trkpt lat="52.9754475038" lon="18.5610314738"></trkpt><trkpt lat="52.9756277986" lon="18.5582009051"></trkpt><trkpt lat="52.9757650103" lon="18.5438486561"></trkpt><trkpt lat="52.9740978498" lon="18.5421473812"></trkpt><trkpt lat="52.9706274066" lon="18.5395272821"></trkpt><trkpt lat="52.9684188589" lon="18.5386241321"></trkpt><trkpt lat="52.9544073343" lon="18.5305224359"></trkpt><trkpt lat="52.953792857" lon="18.5299975611"></trkpt><trkpt lat="52.9145332798" lon="18.4873833787"></trkpt><trkpt lat="52.9133567959" lon="18.4844036959"></trkpt><trkpt lat="52.9127630219" lon="18.4824538976"></trkpt><trkpt lat="52.912829658" lon="18.4829058498"></trkpt><trkpt lat="52.9124509636" lon="18.4822448529"></trkpt><trkpt lat="52.9118369054" lon="18.4806655347"></trkpt><trkpt lat="52.9023720603" lon="18.45066729"></trkpt><trkpt lat="52.9018873349" lon="18.4457798861"></trkpt><trkpt lat="52.8950045351" lon="18.4034644347"></trkpt><trkpt lat="52.8937537037" lon="18.4034523647"></trkpt><trkpt lat="52.8931391425" lon="18.4028977342"></trkpt><trkpt lat="52.8925240785" lon="18.4018940851"></trkpt><trkpt lat="52.8526484314" lon="18.3474433143"></trkpt><trkpt lat="52.8468386829" lon="18.3378526568"></trkpt><trkpt lat="52.8460503649" lon="18.33613839"></trkpt><trkpt lat="52.8431401681" lon="18.3309141174"></trkpt><trkpt lat="52.841757657" lon="18.3288589586"></trkpt><trkpt lat="52.8148723673" lon="18.2984828576"></trkpt><trkpt lat="52.8121405374" lon="18.3006271999"></trkpt><trkpt lat="52.8082242608" lon="18.3029190637"></trkpt><trkpt lat="52.8058636654" lon="18.3035593573"></trkpt><trkpt lat="52.804809222" lon="18.3036613651"></trkpt><trkpt lat="52.7929691132" lon="18.3075627219"></trkpt><trkpt lat="52.7922584116" lon="18.3080898598"></trkpt><trkpt lat="52.7879610937" lon="18.3100992534"></trkpt><trkpt lat="52.7855633665" lon="18.3104522154"></trkpt><trkpt lat="52.7706077043" lon="18.305435814"></trkpt><trkpt lat="52.7686192654" lon="18.3031353168"></trkpt><trkpt lat="52.7680057939" lon="18.3022771776"></trkpt><trkpt lat="52.7544497419" lon="18.2884628791"></trkpt><trkpt lat="52.7539439779" lon="18.2881245855"></trkpt><trkpt lat="52.7316000871" lon="18.2690042071"></trkpt><trkpt lat="52.7304793429" lon="18.2659745682"></trkpt><trkpt lat="52.7161088213" lon="18.2371416595"></trkpt><trkpt lat="52.7152294759" lon="18.2362474781"></trkpt><trkpt lat="52.7030536719" lon="18.2206676994"></trkpt><trkpt lat="52.7024008892" lon="18.2192281913"></trkpt><trkpt lat="52.7003212553" lon="18.2155049499"></trkpt><trkpt lat="52.698446475" lon="18.2130393293"></trkpt><trkpt lat="52.6972874254" lon="18.2118630968"></trkpt><trkpt lat="52.6951890998" lon="18.2101692818"></trkpt><trkpt lat="52.6930205338" lon="18.2089004293"></trkpt><trkpt lat="52.6146440394" lon="18.1479599699"></trkpt><trkpt lat="52.6144382637" lon="18.1462529954"></trkpt><trkpt lat="52.614073148" lon="18.1400389876"></trkpt><trkpt lat="52.6140820328" lon="18.1379616167"></trkpt><trkpt lat="52.6139225252" lon="18.1348730531"></trkpt><trkpt lat="52.6135152485" lon="18.1338416599"></trkpt><trkpt lat="52.6128027868" lon="18.1315463595"></trkpt><trkpt lat="52.6135676354" lon="18.1314931344"></trkpt><trkpt lat="52.614295939" lon="18.1310726143"></trkpt><trkpt lat="52.6192364842" lon="18.1273917016"></trkpt><trkpt lat="52.62034541" lon="18.126315549"></trkpt><trkpt lat="52.6215552539" lon="18.1257188413"></trkpt><trkpt lat="52.621962782" lon="18.1257390417"></trkpt><trkpt lat="52.6229403634" lon="18.1255094614"></trkpt><trkpt lat="52.6232566964" lon="18.1252620276"></trkpt><trkpt lat="52.6270628348" lon="18.1215004809"></trkpt><trkpt lat="52.6278958283" lon="18.1208919547"></trkpt><trkpt lat="52.628463367" lon="18.1210002489"></trkpt><trkpt lat="52.6297253463" lon="18.1204938982"></trkpt><trkpt lat="52.6296711154" lon="18.119563004"></trkpt><trkpt lat="52.6293717138" lon="18.1179758068"></trkpt><trkpt lat="52.621140182" lon="18.0553220864"></trkpt><trkpt lat="52.6206851285" lon="18.0488199927"></trkpt><trkpt lat="52.6207516808" lon="18.0483840499"></trkpt><trkpt lat="52.6210136991" lon="18.0476652179"></trkpt><trkpt lat="52.6212763041" lon="18.0472966656"></trkpt><trkpt lat="52.6222311705" lon="18.0467891414"></trkpt><trkpt lat="52.6225109585" lon="18.0463773385"></trkpt><trkpt lat="52.6226266287" lon="18.0458121467"></trkpt><trkpt lat="52.6225875691" lon="18.0443292204"></trkpt><trkpt lat="52.6221005805" lon="18.0429210607"></trkpt><trkpt lat="52.6216396596" lon="18.0419143103"></trkpt><trkpt lat="52.620648751" lon="18.0406897143"></trkpt><trkpt lat="52.6191665791" lon="18.038391564"></trkpt><trkpt lat="52.61925417" lon="18.037846908"></trkpt><trkpt lat="52.6230997033" lon="18.0009159911"></trkpt><trkpt lat="52.6230810117" lon="17.9965667054"></trkpt><trkpt lat="52.6227818616" lon="17.9930924904"></trkpt><trkpt lat="52.6186178159" lon="17.963667484"></trkpt><trkpt lat="52.6180631854" lon="17.9621965438"></trkpt><trkpt lat="52.6103423629" lon="17.9341034219"></trkpt><trkpt lat="52.6108466182" lon="17.9309455398"></trkpt><trkpt lat="52.6126386691" lon="17.9119668994"></trkpt><trkpt lat="52.6119649317" lon="17.9100674763"></trkpt><trkpt lat="52.6079165563" lon="17.9014720861"></trkpt><trkpt lat="52.6061917283" lon="17.9000878148"></trkpt><trkpt lat="52.5928532705" lon="17.8917150479"></trkpt><trkpt lat="52.5881459098" lon="17.8873066697"></trkpt><trkpt lat="52.5878843106" lon="17.8868593276"></trkpt><trkpt lat="52.5868529174" lon="17.8846589942"></trkpt><trkpt lat="52.5862291362" lon="17.882801313"></trkpt><trkpt lat="52.585836947" lon="17.8811497428"></trkpt><trkpt lat="52.5854140799" lon="17.8784297314"></trkpt><trkpt lat="52.5835540518" lon="17.8719376959"></trkpt><trkpt lat="52.581824027" lon="17.8694048524"></trkpt><trkpt lat="52.5770527963" lon="17.8609926905"></trkpt><trkpt lat="52.5763390772" lon="17.8594860435"></trkpt><trkpt lat="52.567015551" lon="17.8345392365"></trkpt><trkpt lat="52.567369435" lon="17.8324715048"></trkpt><trkpt lat="52.5680379756" lon="17.824858306"></trkpt><trkpt lat="52.5679160189" lon="17.824431248"></trkpt><trkpt lat="52.5676215626" lon="17.8237350471"></trkpt><trkpt lat="52.5672200695" lon="17.8229792509"></trkpt><trkpt lat="52.5635000132" lon="17.8134398069"></trkpt><trkpt lat="52.5633911323" lon="17.8118020669"></trkpt><trkpt lat="52.5522521697" lon="17.6446291152"></trkpt><trkpt lat="52.5525980908" lon="17.6373513602"></trkpt><trkpt lat="52.5532920286" lon="17.635357976"></trkpt><trkpt lat="52.5545038842" lon="17.6327323448"></trkpt><trkpt lat="52.5551831536" lon="17.6307243761"></trkpt><trkpt lat="52.5553773623" lon="17.6296265144"></trkpt><trkpt lat="52.5554795377" lon="17.6278718468"></trkpt><trkpt lat="52.5553204492" lon="17.6262924448"></trkpt><trkpt lat="52.5548646413" lon="17.6236083079"></trkpt><trkpt lat="52.5541273691" lon="17.6206678525"></trkpt><trkpt lat="52.5538526941" lon="17.6203778386"></trkpt><trkpt lat="52.5535558071" lon="17.6203757431"></trkpt><trkpt lat="52.5532272365" lon="17.62019285"></trkpt><trkpt lat="52.5526788086" lon="17.6188476384"></trkpt><trkpt lat="52.5518031511" lon="17.616154952"></trkpt><trkpt lat="52.5508334488" lon="17.6142556127"></trkpt><trkpt lat="52.550020488" lon="17.6134664565"></trkpt><trkpt lat="52.5485524815" lon="17.6123499032"></trkpt><trkpt lat="52.5477799214" lon="17.6111213677"></trkpt><trkpt lat="52.5472283922" lon="17.6094946079"></trkpt><trkpt lat="52.545054378" lon="17.6012825221"></trkpt><trkpt lat="52.5450345129" lon="17.6017509867"></trkpt><trkpt lat="52.5451107882" lon="17.6013179775"></trkpt><trkpt lat="52.5448275637" lon="17.6011590566"></trkpt><trkpt lat="52.5439085718" lon="17.6010416262"></trkpt><trkpt lat="52.5436324719" lon="17.6008734852"></trkpt><trkpt lat="52.5434248522" lon="17.6005740836"></trkpt><trkpt lat="52.5412134547" lon="17.5963600818"></trkpt><trkpt lat="52.5410127081" lon="17.594690742"></trkpt><trkpt lat="52.5396653172" lon="17.5894907769"></trkpt><trkpt lat="52.5390403625" lon="17.5888916384"></trkpt><trkpt lat="52.5367201678" lon="17.5861685257"></trkpt><trkpt lat="52.5361005776" lon="17.5852181017"></trkpt><trkpt lat="52.5355337933" lon="17.5841805059"></trkpt><trkpt lat="52.5351473037" lon="17.5831375457"></trkpt><trkpt lat="52.5348204095" lon="17.5814020727"></trkpt><trkpt lat="52.5345308986" lon="17.5785891898"></trkpt><trkpt lat="52.5260495022" lon="17.5255242828"></trkpt><trkpt lat="52.5257274695" lon="17.5242168736"></trkpt><trkpt lat="52.5229082163" lon="17.5065961014"></trkpt><trkpt lat="52.5222794898" lon="17.5038792752"></trkpt><trkpt lat="52.5215900782" lon="17.5029064715"></trkpt><trkpt lat="52.5207300112" lon="17.5023719575"></trkpt><trkpt lat="52.5198209938" lon="17.5023380108"></trkpt><trkpt lat="52.5180440303" lon="17.501981277"></trkpt><trkpt lat="52.5177292898" lon="17.5016378704"></trkpt><trkpt lat="52.516834354" lon="17.5002319738"></trkpt><trkpt lat="52.516008066" lon="17.4985893723"></trkpt><trkpt lat="52.515535159" lon="17.4974391237"></trkpt><trkpt lat="52.5145661272" lon="17.4944824073"></trkpt><trkpt lat="52.513580583" lon="17.4906398915"></trkpt><trkpt lat="52.5066176523" lon="17.4693166651"></trkpt><trkpt lat="52.5052786432" lon="17.467571469"></trkpt><trkpt lat="52.5040996447" lon="17.4663029518"></trkpt><trkpt lat="52.4995423201" lon="17.4602878466"></trkpt><trkpt lat="52.4985699356" lon="17.4582467694"></trkpt><trkpt lat="52.4972182699" lon="17.4547261186"></trkpt><trkpt lat="52.4791442882" lon="17.4160790071"></trkpt><trkpt lat="52.478583036" lon="17.4154383782"></trkpt><trkpt lat="52.4532708619" lon="17.3799955845"></trkpt><trkpt lat="52.4518085551" lon="17.3759062216"></trkpt><trkpt lat="52.4111171812" lon="17.2820635233"></trkpt><trkpt lat="52.4093719851" lon="17.2769698408"></trkpt><trkpt lat="52.4085933901" lon="17.2732840665"></trkpt><trkpt lat="52.4071930256" lon="17.2684272565"></trkpt><trkpt lat="52.4058950879" lon="17.2655812651"></trkpt><trkpt lat="52.4047868326" lon="17.263754094"></trkpt><trkpt lat="52.404035395" lon="17.2627358604"></trkpt><trkpt lat="52.4017971754" lon="17.2604384646"></trkpt><trkpt lat="52.400067402" lon="17.2591462266"></trkpt><trkpt lat="52.3803189676" lon="17.2402220685"></trkpt><trkpt lat="52.3783337977" lon="17.236402519"></trkpt><trkpt lat="52.3767607659" lon="17.2327664495"></trkpt><trkpt lat="52.3754078429" lon="17.2289375961"></trkpt><trkpt lat="52.372890003" lon="17.2192124929"></trkpt><trkpt lat="52.3718764633" lon="17.2140413616"></trkpt><trkpt lat="52.3699211329" lon="17.2075670958"></trkpt><trkpt lat="52.3695660755" lon="17.2067890875"></trkpt><trkpt lat="52.3681428283" lon="17.2042476106"></trkpt><trkpt lat="52.3666523583" lon="17.2022948787"></trkpt><trkpt lat="52.3651997745" lon="17.2008495033"></trkpt><trkpt lat="52.3611001857" lon="17.1975539066"></trkpt><trkpt lat="52.359326072" lon="17.1957414877"></trkpt><trkpt lat="52.357740216" lon="17.1934946347"></trkpt><trkpt lat="52.3575024214" lon="17.1930912975"></trkpt><trkpt lat="52.3546288535" lon="17.1870535612"></trkpt><trkpt lat="52.3511838075" lon="17.1811142284"></trkpt><trkpt lat="52.3212409671" lon="17.1173130255"></trkpt><trkpt lat="52.3224659823" lon="17.1134026162"></trkpt><trkpt lat="52.3362322524" lon="17.0579389762"></trkpt><trkpt lat="52.3445536382" lon="17.0135308988"></trkpt><trkpt lat="52.345141042" lon="17.0087182615"></trkpt><trkpt lat="52.3627588805" lon="16.911360696"></trkpt><trkpt lat="52.3633910436" lon="16.9117726665"></trkpt><trkpt lat="52.3762523197" lon="16.9178374764"></trkpt><trkpt lat="52.3763562553" lon="16.9168503396"></trkpt><trkpt lat="52.3770868219" lon="16.9125453103"></trkpt><trkpt lat="52.3776233476" lon="16.9131390005"></trkpt><trkpt lat="52.3812787794" lon="16.9157942198"></trkpt></trkseg><trkseg><trkpt lat="54.2069163825" lon="21.6268897522"></trkpt><trkpt lat="54.2073576897" lon="21.6267833021"></trkpt><trkpt lat="54.2080685589" lon="21.6258428525"></trkpt><trkpt lat="54.2102474347" lon="21.6217817366"></trkpt><trkpt lat="54.2102374602" lon="21.620612964"></trkpt><trkpt lat="54.2104346026" lon="21.6193032078"></trkpt><trkpt lat="54.2107152287" lon="21.6149288602"></trkpt><trkpt lat="54.2118809838" lon="21.6053002328"></trkpt><trkpt lat="54.2127824575" lon="21.6013593972"></trkpt><trkpt lat="54.2135773133" lon="21.5965992305"></trkpt><trkpt lat="54.213589048" lon="21.5959700849"></trkpt><trkpt lat="54.2133842781" lon="21.593219731"></trkpt><trkpt lat="54.2131729703" lon="21.5838912595"></trkpt><trkpt lat="54.2132368404" lon="21.5833253972"></trkpt><trkpt lat="54.2133608088" lon="21.5827953257"></trkpt><trkpt lat="54.2135437857" lon="21.5822701994"></trkpt><trkpt lat="54.2159120925" lon="21.5728627704"></trkpt><trkpt lat="54.2160414252" lon="21.5709221922"></trkpt><trkpt lat="54.2160344683" lon="21.5681077167"></trkpt><trkpt lat="54.2157010362" lon="21.5659551602"></trkpt><trkpt lat="54.2142552417" lon="21.5592436027"></trkpt><trkpt lat="54.2141868453" lon="21.5585661773"></trkpt><trkpt lat="54.2141943891" lon="21.5581015684"></trkpt><trkpt lat="54.2140992545" lon="21.5556175914"></trkpt><trkpt lat="54.214222217" lon="21.5501343179"></trkpt><trkpt lat="54.2141667288" lon="21.5488900244"></trkpt><trkpt lat="54.2140268348" lon="21.5481935721"></trkpt><trkpt lat="54.2138751224" lon="21.5477744769"></trkpt><trkpt lat="54.2136830091" lon="21.5473853052"></trkpt><trkpt lat="54.2134568654" lon="21.5470527951"></trkpt><trkpt lat="54.2121467739" lon="21.545444224"></trkpt><trkpt lat="54.210890159" lon="21.5442950651"></trkpt><trkpt lat="54.2090121936" lon="21.5416993573"></trkpt><trkpt lat="54.2088471539" lon="21.5403974801"></trkpt><trkpt lat="54.2089572921" lon="21.5390778333"></trkpt><trkpt lat="54.2093729507" lon="21.537246136"></trkpt><trkpt lat="54.2120153457" lon="21.5290565975"></trkpt><trkpt lat="54.2122454289" lon="21.5287813358"></trkpt><trkpt lat="54.213076327" lon="21.52752514"></trkpt><trkpt lat="54.213205995" lon="21.5269460343"></trkpt><trkpt lat="54.2132289615" lon="21.5263390169"></trkpt><trkpt lat="54.2131533567" lon="21.5257124696"></trkpt><trkpt lat="54.2127915099" lon="21.5240244381"></trkpt><trkpt lat="54.2123237159" lon="21.5231205337"></trkpt><trkpt lat="54.2119798064" lon="21.5228921268"></trkpt><trkpt lat="54.2115110904" lon="21.5229228884"></trkpt><trkpt lat="54.2102453392" lon="21.5233057737"></trkpt><trkpt lat="54.2076891102" lon="21.5236361884"></trkpt><trkpt lat="54.2064420506" lon="21.5226987563"></trkpt><trkpt lat="54.2056506313" lon="21.5223473869"></trkpt><trkpt lat="54.2047117744" lon="21.522388123"></trkpt><trkpt lat="54.1609662026" lon="21.5137275215"></trkpt><trkpt lat="54.1591058392" lon="21.5125566535"></trkpt><trkpt lat="54.1357642505" lon="21.4921095036"></trkpt><trkpt lat="54.1347099748" lon="21.4897926617"></trkpt><trkpt lat="54.1333109513" lon="21.4851788431"></trkpt><trkpt lat="54.1327084601" lon="21.4819755312"></trkpt><trkpt lat="54.1271341592" lon="21.4609453361"></trkpt><trkpt lat="54.1256653983" lon="21.4574897289"></trkpt><trkpt lat="54.1247513518" lon="21.4548488427"></trkpt><trkpt lat="54.1241450887" lon="21.4522594213"></trkpt><trkpt lat="54.1240369622" lon="21.4507494215"></trkpt><trkpt lat="54.1235532425" lon="21.4475337043"></trkpt><trkpt lat="54.1233396716" lon="21.4471019525"></trkpt><trkpt lat="54.1226277128" lon="21.4462342579"></trkpt><trkpt lat="54.1208952572" lon="21.4447655808"></trkpt><trkpt lat="54.1169728618" lon="21.4391999971"></trkpt><trkpt lat="54.1165039781" lon="21.4371291641"></trkpt><trkpt lat="54.1052132193" lon="21.4024078846"></trkpt><trkpt lat="54.1023660544" lon="21.4025473595"></trkpt><trkpt lat="54.0969184041" lon="21.4013717137"></trkpt><trkpt lat="54.0955339652" lon="21.4006242994"></trkpt><trkpt lat="54.0882260352" lon="21.3952744659"></trkpt><trkpt lat="54.0869940631" lon="21.3935812376"></trkpt><trkpt lat="54.0646166448" lon="21.3567345589"></trkpt><trkpt lat="54.0642041713" lon="21.3556280639"></trkpt><trkpt lat="54.0550711658" lon="21.3378713373"></trkpt><trkpt lat="54.0527549107" lon="21.3372866996"></trkpt><trkpt lat="54.0503975842" lon="21.3361113053"></trkpt><trkpt lat="54.0499657486" lon="21.3357724249"></trkpt><trkpt lat="54.0490601677" lon="21.3353070617"></trkpt><trkpt lat="54.0463701636" lon="21.3345927559"></trkpt><trkpt lat="54.0307035483" lon="21.3279966172"></trkpt><trkpt lat="54.0224897023" lon="21.3227908686"></trkpt><trkpt lat="54.0221519116" lon="21.3222901337"></trkpt><trkpt lat="54.0110781603" lon="21.3086166512"></trkpt><trkpt lat="54.0100092161" lon="21.3069788273"></trkpt><trkpt lat="54.0059114713" lon="21.3018935267"></trkpt><trkpt lat="54.0043111984" lon="21.3002865482"></trkpt><trkpt lat="53.9973468427" lon="21.2949377205"></trkpt><trkpt lat="53.9966352191" lon="21.2945428491"></trkpt><trkpt lat="53.9952677954" lon="21.2940693554"></trkpt><trkpt lat="53.9928875864" lon="21.2959552836"></trkpt><trkpt lat="53.9914897364" lon="21.2976980489"></trkpt><trkpt lat="53.9902705047" lon="21.2986322958"></trkpt><trkpt lat="53.988951277" lon="21.2990368064"></trkpt><trkpt lat="53.9862960577" lon="21.2993092183"></trkpt><trkpt lat="53.9851360023" lon="21.2997065205"></trkpt><trkpt lat="53.984075943" lon="21.3006064855"></trkpt><trkpt lat="53.9770861063" lon="21.3050683402"></trkpt><trkpt lat="53.9758118056" lon="21.3054000121"></trkpt><trkpt lat="53.9705501497" lon="21.305816425"></trkpt><trkpt lat="53.9458420593" lon="21.3116556779"></trkpt><trkpt lat="53.9427379891" lon="21.3128708024"></trkpt><trkpt lat="53.930976335" lon="21.3147077803"></trkpt><trkpt lat="53.9302228019" lon="21.3138715178"></trkpt><trkpt lat="53.9269371796" lon="21.3093603775"></trkpt><trkpt lat="53.9265833795" lon="21.3086088561"></trkpt><trkpt lat="53.9251773153" lon="21.3062058482"></trkpt><trkpt lat="53.9249130338" lon="21.3061035052"></trkpt><trkpt lat="53.92071018" lon="21.3054020237"></trkpt><trkpt lat="53.919974165" lon="21.3051049691"></trkpt><trkpt lat="53.9197156671" lon="21.3048233371"></trkpt><trkpt lat="53.9194788784" lon="21.3044269569"></trkpt><trkpt lat="53.9152622782" lon="21.298597008"></trkpt><trkpt lat="53.9148747828" lon="21.298449235"></trkpt><trkpt lat="53.9133966342" lon="21.2982056569"></trkpt><trkpt lat="53.9084180351" lon="21.2982021365"></trkpt><trkpt lat="53.9080400113" lon="21.2986897957"></trkpt><trkpt lat="53.9014639892" lon="21.304474147"></trkpt><trkpt lat="53.8998601958" lon="21.3050795719"></trkpt><trkpt lat="53.899382595" lon="21.3054503873"></trkpt><trkpt lat="53.8983506989" lon="21.3060141541"></trkpt><trkpt lat="53.8964080252" lon="21.306706164"></trkpt><trkpt lat="53.8935496286" lon="21.3072177116"></trkpt><trkpt lat="53.8928507455" lon="21.3066444732"></trkpt><trkpt lat="53.8847463671" lon="21.3018903416"></trkpt><trkpt lat="53.8834365271" lon="21.3022671081"></trkpt><trkpt lat="53.8811442442" lon="21.3025625702"></trkpt><trkpt lat="53.8805896137" lon="21.3016709033"></trkpt><trkpt lat="53.8797230925" lon="21.2998950295"></trkpt><trkpt lat="53.8792609144" lon="21.2983316369"></trkpt><trkpt lat="53.8708836213" lon="21.2768209074"></trkpt><trkpt lat="53.8699761964" lon="21.2762561347"></trkpt><trkpt lat="53.8692786545" lon="21.2759531289"></trkpt><trkpt lat="53.8678677287" lon="21.2756289169"></trkpt><trkpt lat="53.8661358599" lon="21.2757528853"></trkpt><trkpt lat="53.8644381892" lon="21.2764277961"></trkpt><trkpt lat="53.8630905468" lon="21.2773964088"></trkpt><trkpt lat="53.8600274641" lon="21.2777165975"></trkpt><trkpt lat="53.8597422279" lon="21.275932258"></trkpt><trkpt lat="53.8591650501" lon="21.2700602319"></trkpt><trkpt lat="53.8591954764" lon="21.2680047378"></trkpt><trkpt lat="53.8593416568" lon="21.2670219596"></trkpt><trkpt lat="53.8595469296" lon="21.2645891961"></trkpt><trkpt lat="53.8594502863" lon="21.2641223241"></trkpt><trkpt lat="53.859304525" lon="21.2637024745"></trkpt><trkpt lat="53.8589617051" lon="21.2623774633"></trkpt><trkpt lat="53.8587689213" lon="21.2613027357"></trkpt><trkpt lat="53.8569293451" lon="21.2539575901"></trkpt><trkpt lat="53.8562073279" lon="21.2517782953"></trkpt><trkpt lat="53.8469584845" lon="21.2292521819"></trkpt><trkpt lat="53.8461500499" lon="21.2266432308"></trkpt><trkpt lat="53.8439249061" lon="21.220843792"></trkpt><trkpt lat="53.8435213175" lon="21.2214827444"></trkpt><trkpt lat="53.8436624687" lon="21.2219085451"></trkpt><trkpt lat="53.8439890277" lon="21.2218648754"></trkpt><trkpt lat="53.8437273446" lon="21.2217332795"></trkpt><trkpt lat="53.8440138381" lon="21.2219438329"></trkpt><trkpt lat="53.8437043782" lon="21.2219143286"></trkpt><trkpt lat="53.8439647201" lon="21.2221629359"></trkpt><trkpt lat="53.8442590926" lon="21.2216488738"></trkpt><trkpt lat="53.8441450149" lon="21.2212157808"></trkpt><trkpt lat="53.8437658176" lon="21.2204429694"></trkpt><trkpt lat="53.8392158691" lon="21.2089386396"></trkpt><trkpt lat="53.8389340695" lon="21.2063621264"></trkpt><trkpt lat="53.8384986296" lon="21.2038625591"></trkpt><trkpt lat="53.8372085709" lon="21.1910009477"></trkpt><trkpt lat="53.8373610377" lon="21.1902441457"></trkpt><trkpt lat="53.8383154012" lon="21.1868578568"></trkpt><trkpt lat="53.8402083702" lon="21.1776821036"></trkpt><trkpt lat="53.8402956259" lon="21.1768581625"></trkpt><trkpt lat="53.8428946026" lon="21.1248396523"></trkpt><trkpt lat="53.8419849984" lon="21.1211663671"></trkpt><trkpt lat="53.8408950157" lon="21.1184818111"></trkpt><trkpt lat="53.8390835188" lon="21.1128227692"></trkpt><trkpt lat="53.8390132785" lon="21.1107476614"></trkpt><trkpt lat="53.8379961345" lon="21.1041894928"></trkpt><trkpt lat="53.8372420985" lon="21.101638712"></trkpt><trkpt lat="53.8313129079" lon="21.0747464653"></trkpt><trkpt lat="53.8309110794" lon="21.0699179862"></trkpt><trkpt lat="53.8306592032" lon="21.0613384377"></trkpt><trkpt lat="53.8311014324" lon="21.0586445779"></trkpt><trkpt lat="53.8319505192" lon="21.0555777233"></trkpt><trkpt lat="53.8340056781" lon="21.0450238176"></trkpt><trkpt lat="53.8344028965" lon="21.0404218175"></trkpt><trkpt lat="53.8375032786" lon="21.0202336684"></trkpt><trkpt lat="53.8387024775" lon="21.0175766051"></trkpt><trkpt lat="53.8400189392" lon="21.0138931777"></trkpt><trkpt lat="53.8409383502" lon="21.0101333074"></trkpt><trkpt lat="53.8494582195" lon="20.962249171"></trkpt><trkpt lat="53.8490171637" lon="20.9591504652"></trkpt><trkpt lat="53.8483156823" lon="20.9561100975"></trkpt><trkpt lat="53.8441197015" lon="20.9427842963"></trkpt><trkpt lat="53.8420750201" lon="20.9380699787"></trkpt><trkpt lat="53.836836163" lon="20.9281192347"></trkpt><trkpt lat="53.8338538818" lon="20.920965448"></trkpt><trkpt lat="53.8334801327" lon="20.9191851318"></trkpt><trkpt lat="53.8330938108" lon="20.9161855001"></trkpt><trkpt lat="53.832980236" lon="20.9131897241"></trkpt><trkpt lat="53.8312311005" lon="20.8959461376"></trkpt><trkpt lat="53.8304213248" lon="20.8912117872"></trkpt><trkpt lat="53.8300469052" lon="20.8878421783"></trkpt><trkpt lat="53.8299357612" lon="20.8843480144"></trkpt><trkpt lat="53.8289995026" lon="20.8747524116"></trkpt><trkpt lat="53.8284783997" lon="20.8729777951"></trkpt><trkpt lat="53.8276546262" lon="20.8707807306"></trkpt><trkpt lat="53.8255103678" lon="20.8625972271"></trkpt><trkpt lat="53.8253447413" lon="20.8597514033"></trkpt><trkpt lat="53.8254432287" lon="20.856839614"></trkpt><trkpt lat="53.825840028" lon="20.853946181"></trkpt><trkpt lat="53.826430114" lon="20.8512688335"></trkpt><trkpt lat="53.8289416675" lon="20.831777053"></trkpt><trkpt lat="53.8284501527" lon="20.8280805498"></trkpt><trkpt lat="53.826513933" lon="20.8035496529"></trkpt><trkpt lat="53.8271993212" lon="20.800026739"></trkpt><trkpt lat="53.8288866822" lon="20.784007078"></trkpt><trkpt lat="53.8299031556" lon="20.7783031091"></trkpt><trkpt lat="53.8304921519" lon="20.776713565"></trkpt><trkpt lat="53.8311764505" lon="20.775295347"></trkpt><trkpt lat="53.8321339991" lon="20.7737760432"></trkpt><trkpt lat="53.8367764" lon="20.7642288879"></trkpt><trkpt lat="53.8372028712" lon="20.7629928924"></trkpt><trkpt lat="53.8389506657" lon="20.7562899683"></trkpt><trkpt lat="53.839662876" lon="20.7518026326"></trkpt><trkpt lat="53.8402283192" lon="20.7492945995"></trkpt><trkpt lat="53.8421861641" lon="20.7346011233"></trkpt><trkpt lat="53.8419877645" lon="20.7327674143"></trkpt><trkpt lat="53.841464147" lon="20.7298795972"></trkpt><trkpt lat="53.8375068828" lon="20.6981418561"></trkpt><trkpt lat="53.834866751" lon="20.6848857086"></trkpt><trkpt lat="53.8339337613" lon="20.6822958682"></trkpt><trkpt lat="53.8329952396" lon="20.6806135364"></trkpt><trkpt lat="53.8320627529" lon="20.6794212107"></trkpt><trkpt lat="53.8251294941" lon="20.6686354615"></trkpt><trkpt lat="53.8245641347" lon="20.6660562661"></trkpt><trkpt lat="53.8172635809" lon="20.6412675418"></trkpt><trkpt lat="53.815890206" lon="20.6399007048"></trkpt><trkpt lat="53.8090965059" lon="20.6316763815"></trkpt><trkpt lat="53.8084070105" lon="20.6303434074"></trkpt><trkpt lat="53.8022658415" lon="20.6204933301"></trkpt><trkpt lat="53.8016570639" lon="20.6198969577"></trkpt><trkpt lat="53.7993333489" lon="20.6168749463"></trkpt><trkpt lat="53.7866930198" lon="20.5967028905"></trkpt><trkpt lat="53.7866946124" lon="20.5956523027"></trkpt><trkpt lat="53.7849576306" lon="20.5761794653"></trkpt><trkpt lat="53.7837836612" lon="20.5735630542"></trkpt><trkpt lat="53.7737197615" lon="20.5556193274"></trkpt><trkpt lat="53.7732264027" lon="20.5550542194"></trkpt><trkpt lat="53.7685332075" lon="20.5509278085"></trkpt><trkpt lat="53.7674804404" lon="20.550283324"></trkpt><trkpt lat="53.7543218583" lon="20.5448004697"></trkpt><trkpt lat="53.752669869" lon="20.5451174732"></trkpt><trkpt lat="53.7518355343" lon="20.5451142043"></trkpt><trkpt lat="53.7501749955" lon="20.5447900761"></trkpt><trkpt lat="53.7485235091" lon="20.5442161672"></trkpt><trkpt lat="53.7273689266" lon="20.5332953017"></trkpt><trkpt lat="53.7245485" lon="20.5309262406"></trkpt><trkpt lat="53.7228451297" lon="20.5288183596"></trkpt><trkpt lat="53.721543923" lon="20.5266378075"></trkpt><trkpt lat="53.7203082629" lon="20.5239239149"></trkpt><trkpt lat="53.7139916606" lon="20.5137450155"></trkpt><trkpt lat="53.713396294" lon="20.5133785587"></trkpt><trkpt lat="53.7083509751" lon="20.5092787184"></trkpt><trkpt lat="53.7076846138" lon="20.5081332475"></trkpt><trkpt lat="53.7071004789" lon="20.5069046281"></trkpt><trkpt lat="53.7064043619" lon="20.5050478689"></trkpt><trkpt lat="53.7060075626" lon="20.5035320856"></trkpt><trkpt lat="53.7057070713" lon="20.5019292142"></trkpt><trkpt lat="53.7054737192" lon="20.4995498434"></trkpt><trkpt lat="53.7054811791" lon="20.4970206041"></trkpt><trkpt lat="53.7040056288" lon="20.4751614388"></trkpt><trkpt lat="53.7034347374" lon="20.4723146092"></trkpt><trkpt lat="53.7028640974" lon="20.4680601228"></trkpt><trkpt lat="53.7027294841" lon="20.4651174881"></trkpt><trkpt lat="53.7028358504" lon="20.4609840363"></trkpt><trkpt lat="53.7029339187" lon="20.4598767869"></trkpt><trkpt lat="53.703477988" lon="20.4562750831"></trkpt><trkpt lat="53.7038970832" lon="20.4542993009"></trkpt><trkpt lat="53.7051036581" lon="20.4501376022"></trkpt><trkpt lat="53.706033295" lon="20.4477809463"></trkpt><trkpt lat="53.7073354237" lon="20.4452154133"></trkpt><trkpt lat="53.7090643588" lon="20.4425708391"></trkpt><trkpt lat="53.7111850642" lon="20.4398866184"></trkpt><trkpt lat="53.7193149235" lon="20.426894417"></trkpt><trkpt lat="53.7205244321" lon="20.4236254748"></trkpt><trkpt lat="53.7290603109" lon="20.4046976287"></trkpt><trkpt lat="53.7308894098" lon="20.4023699742"></trkpt><trkpt lat="53.7333777454" lon="20.4000131506"></trkpt><trkpt lat="53.7488263473" lon="20.3887995891"></trkpt><trkpt lat="53.749753302" lon="20.3883178812"></trkpt><trkpt lat="53.7566516083" lon="20.3830569796"></trkpt><trkpt lat="53.7580647133" lon="20.3806044348"></trkpt><trkpt lat="53.7640923075" lon="20.3730905615"></trkpt><trkpt lat="53.7657422852" lon="20.3723163251"></trkpt><trkpt lat="53.7673308235" lon="20.3709908109"></trkpt><trkpt lat="53.7681949977" lon="20.3699530475"></trkpt><trkpt lat="53.7694761716" lon="20.3680926003"></trkpt><trkpt lat="53.7695640977" lon="20.3676547296"></trkpt><trkpt lat="53.769902559" lon="20.3668494802"></trkpt><trkpt lat="53.7703474704" lon="20.3655476868"></trkpt><trkpt lat="53.7710524723" lon="20.3629555833"></trkpt><trkpt lat="53.7714649457" lon="20.360370269"></trkpt><trkpt lat="53.7715576496" lon="20.3577739745"></trkpt><trkpt lat="53.7713968009" lon="20.3549566492"></trkpt><trkpt lat="53.7705933116" lon="20.3484712355"></trkpt><trkpt lat="53.7696806062" lon="20.3441639431"></trkpt><trkpt lat="53.7677225936" lon="20.3301732894"></trkpt><trkpt lat="53.7675759941" lon="20.3280085791"></trkpt><trkpt lat="53.7670085393" lon="20.3242395725"></trkpt><trkpt lat="53.7665207125" lon="20.3219746146"></trkpt><trkpt lat="53.7561421562" lon="20.2868064959"></trkpt><trkpt lat="53.7551919837" lon="20.2851914708"></trkpt><trkpt lat="53.7530333921" lon="20.2807604615"></trkpt><trkpt lat="53.7526331563" lon="20.2788905427"></trkpt><trkpt lat="53.750317404" lon="20.2712086122"></trkpt><trkpt lat="53.7490647286" lon="20.2686018404"></trkpt><trkpt lat="53.748550918" lon="20.2665623557"></trkpt><trkpt lat="53.748383699" lon="20.2644608449"></trkpt><trkpt lat="53.7483277917" lon="20.2597526461"></trkpt><trkpt lat="53.7486995291" lon="20.251281308"></trkpt><trkpt lat="53.7489794008" lon="20.2512196172"></trkpt><trkpt lat="53.7487937417" lon="20.2508656494"></trkpt><trkpt lat="53.7487074919" lon="20.2503700275"></trkpt><trkpt lat="53.7485333998" lon="20.2499923389"></trkpt><trkpt lat="53.7484417018" lon="20.2490799688"></trkpt><trkpt lat="53.7479198445" lon="20.2458617371"></trkpt><trkpt lat="53.7476103846" lon="20.2449422423"></trkpt><trkpt lat="53.7442762312" lon="20.2313987631"></trkpt><trkpt lat="53.7442747224" lon="20.2303473372"></trkpt><trkpt lat="53.743791841" lon="20.2263038233"></trkpt><trkpt lat="53.7431440875" lon="20.2250565961"></trkpt><trkpt lat="53.7424235791" lon="20.2239332534"></trkpt><trkpt lat="53.7420260254" lon="20.2231273334"></trkpt><trkpt lat="53.7416403741" lon="20.2218647674"></trkpt><trkpt lat="53.7352391984" lon="20.2050916571"></trkpt><trkpt lat="53.7337243371" lon="20.2031372488"></trkpt><trkpt lat="53.7322877627" lon="20.2001962066"></trkpt><trkpt lat="53.7320997566" lon="20.1983253658"></trkpt><trkpt lat="53.7319555879" lon="20.1975794602"></trkpt><trkpt lat="53.731809156" lon="20.1971440203"></trkpt><trkpt lat="53.731228793" lon="20.1958508603"></trkpt><trkpt lat="53.7295312062" lon="20.1897194143"></trkpt><trkpt lat="53.729563728" lon="20.1878879685"></trkpt><trkpt lat="53.7299305201" lon="20.1834515948"></trkpt><trkpt lat="53.7309968658" lon="20.1808651909"></trkpt><trkpt lat="53.7313676812" lon="20.1789349224"></trkpt><trkpt lat="53.7315880414" lon="20.1764461678"></trkpt><trkpt lat="53.7312514242" lon="20.1742865704"></trkpt><trkpt lat="53.7311211694" lon="20.1724295598"></trkpt><trkpt lat="53.7312391866" lon="20.1693736017"></trkpt><trkpt lat="53.7311378494" lon="20.162586607"></trkpt><trkpt lat="53.7312975246" lon="20.1602455415"></trkpt><trkpt lat="53.7311326526" lon="20.1587587595"></trkpt><trkpt lat="53.7308826204" lon="20.1579272747"></trkpt><trkpt lat="53.7306482624" lon="20.1574218459"></trkpt><trkpt lat="53.7303943746" lon="20.1569872443"></trkpt><trkpt lat="53.7273759674" lon="20.1506986376"></trkpt><trkpt lat="53.7269293796" lon="20.1499534026"></trkpt><trkpt lat="53.7266422994" lon="20.1496089902"></trkpt><trkpt lat="53.7263194285" lon="20.1493373327"></trkpt><trkpt lat="53.7259761896" lon="20.1491282042"></trkpt><trkpt lat="53.7234336231" lon="20.1470145397"></trkpt><trkpt lat="53.7229343131" lon="20.1456426736"></trkpt><trkpt lat="53.722612951" lon="20.1443827897"></trkpt><trkpt lat="53.7214482855" lon="20.1408338919"></trkpt><trkpt lat="53.7209944054" lon="20.1402047463"></trkpt><trkpt lat="53.7200967036" lon="20.1395134907"></trkpt><trkpt lat="53.7186646555" lon="20.1389266737"></trkpt><trkpt lat="53.7179646827" lon="20.1382972766"></trkpt><trkpt lat="53.7174815498" lon="20.1376367826"></trkpt><trkpt lat="53.7172075454" lon="20.137104867"></trkpt><trkpt lat="53.7169846706" lon="20.1365256775"></trkpt><trkpt lat="53.7163918186" lon="20.134458784"></trkpt><trkpt lat="53.7158547062" lon="20.1332890056"></trkpt><trkpt lat="53.7149292603" lon="20.1321188081"></trkpt><trkpt lat="53.7139301375" lon="20.1304863486"></trkpt><trkpt lat="53.7136629224" lon="20.1296506729"></trkpt><trkpt lat="53.7135304883" lon="20.1290421467"></trkpt><trkpt lat="53.7134123873" lon="20.1271363534"></trkpt><trkpt lat="53.7134160753" lon="20.1247338485"></trkpt><trkpt lat="53.7132104672" lon="20.1230670232"></trkpt><trkpt lat="53.7130135763" lon="20.1225863211"></trkpt><trkpt lat="53.712744182" lon="20.1221772842"></trkpt><trkpt lat="53.7103322055" lon="20.1192650758"></trkpt><trkpt lat="53.7097542733" lon="20.1187453978"></trkpt><trkpt lat="53.7095375173" lon="20.1184211019"></trkpt><trkpt lat="53.709296789" lon="20.1178197004"></trkpt><trkpt lat="53.7091552187" lon="20.1171965059"></trkpt><trkpt lat="53.70912035" lon="20.1167294662"></trkpt><trkpt lat="53.709155973" lon="20.1161824632"></trkpt><trkpt lat="53.7092373613" lon="20.1157319359"></trkpt><trkpt lat="53.7093526963" lon="20.115285432"></trkpt><trkpt lat="53.709858628" lon="20.1125364192"></trkpt><trkpt lat="53.7098059058" lon="20.111948261"></trkpt><trkpt lat="53.7092759181" lon="20.1098097861"></trkpt><trkpt lat="53.7087835651" lon="20.1084376685"></trkpt><trkpt lat="53.7084032781" lon="20.1076275576"></trkpt><trkpt lat="53.7081343029" lon="20.1072523836"></trkpt><trkpt lat="53.7068154104" lon="20.1057218481"></trkpt><trkpt lat="53.7064994127" lon="20.1055614185"></trkpt><trkpt lat="53.7061679922" lon="20.105463434"></trkpt><trkpt lat="53.7023314275" lon="20.1054289844"></trkpt><trkpt lat="53.7013307121" lon="20.1051543932"></trkpt><trkpt lat="53.7004356086" lon="20.1042884588"></trkpt><trkpt lat="53.6996998452" lon="20.1029019244"></trkpt><trkpt lat="53.697266914" lon="20.0969892461"></trkpt><trkpt lat="53.6962582357" lon="20.0938752852"></trkpt><trkpt lat="53.6935828999" lon="20.0880366191"></trkpt><trkpt lat="53.6919704732" lon="20.0862776767"></trkpt><trkpt lat="53.6906559393" lon="20.0842776708"></trkpt><trkpt lat="53.6903428752" lon="20.0835064519"></trkpt><trkpt lat="53.690161407" lon="20.0829574373"></trkpt><trkpt lat="53.6900557112" lon="20.0818627607"></trkpt><trkpt lat="53.6901161447" lon="20.0806661602"></trkpt><trkpt lat="53.6900889035" lon="20.0791758578"></trkpt><trkpt lat="53.6904427037" lon="20.0711470842"></trkpt><trkpt lat="53.6906549335" lon="20.069872532"></trkpt><trkpt lat="53.6924227607" lon="20.0515357777"></trkpt><trkpt lat="53.6924184021" lon="20.0500888098"></trkpt><trkpt lat="53.6917909328" lon="20.0414994545"></trkpt><trkpt lat="53.6915412359" lon="20.039943438"></trkpt><trkpt lat="53.6844778061" lon="20.0075788144"></trkpt><trkpt lat="53.6834406294" lon="20.0055810716"></trkpt><trkpt lat="53.6807520501" lon="19.998891307"></trkpt><trkpt lat="53.6794130411" lon="19.9943254329"></trkpt><trkpt lat="53.6676046997" lon="19.9631906021"></trkpt><trkpt lat="53.6655768659" lon="19.9599858653"></trkpt><trkpt lat="53.6582507472" lon="19.945748616"></trkpt><trkpt lat="53.6574693862" lon="19.9424334057"></trkpt><trkpt lat="53.6569710821" lon="19.938969668"></trkpt><trkpt lat="53.6567408312" lon="19.9343576934"></trkpt><trkpt lat="53.6567496322" lon="19.9323098268"></trkpt><trkpt lat="53.6558701191" lon="19.9190093391"></trkpt><trkpt lat="53.6554682069" lon="19.9162093643"></trkpt><trkpt lat="53.6554492638" lon="19.9142244458"></trkpt><trkpt lat="53.6557402834" lon="19.9123924132"></trkpt><trkpt lat="53.6563455407" lon="19.9096045922"></trkpt><trkpt lat="53.6566317827" lon="19.9075367767"></trkpt><trkpt lat="53.6562882084" lon="19.9076273851"></trkpt><trkpt lat="53.6551962141" lon="19.907169817"></trkpt><trkpt lat="53.6538606416" lon="19.9061645754"></trkpt><trkpt lat="53.6531709787" lon="19.9057784211"></trkpt><trkpt lat="53.6528883409" lon="19.9057635013"></trkpt><trkpt lat="53.6517478991" lon="19.9053950328"></trkpt><trkpt lat="53.6486853193" lon="19.9056405388"></trkpt><trkpt lat="53.6471157242" lon="19.9049864151"></trkpt><trkpt lat="53.6458715145" lon="19.9042254221"></trkpt><trkpt lat="53.6295157392" lon="19.8913825862"></trkpt><trkpt lat="53.6302925739" lon="19.8904027417"></trkpt><trkpt lat="53.636496691" lon="19.8809899483"></trkpt><trkpt lat="53.6371028703" lon="19.8794550542"></trkpt><trkpt lat="53.6374060437" lon="19.8789051175"></trkpt><trkpt lat="53.6379202735" lon="19.8785599507"></trkpt><trkpt lat="53.6381334253" lon="19.8782217409"></trkpt><trkpt lat="53.6382704694" lon="19.8776781745"></trkpt><trkpt lat="53.6397775356" lon="19.8734600656"></trkpt><trkpt lat="53.6407034844" lon="19.8715433758"></trkpt><trkpt lat="53.6422211118" lon="19.8690037429"></trkpt><trkpt lat="53.6437866837" lon="19.8673404381"></trkpt><trkpt lat="53.6455934867" lon="19.8649385199"></trkpt><trkpt lat="53.6466756742" lon="19.8627836164"></trkpt><trkpt lat="53.6482801381" lon="19.8605052475"></trkpt><trkpt lat="53.6494388524" lon="19.8593117483"></trkpt><trkpt lat="53.6524865124" lon="19.8553692363"></trkpt><trkpt lat="53.6532868166" lon="19.8533280753"></trkpt><trkpt lat="53.655325966" lon="19.8496562988"></trkpt><trkpt lat="53.6556314863" lon="19.8493133113"></trkpt><trkpt lat="53.6557785887" lon="19.8485352192"></trkpt><trkpt lat="53.6566098221" lon="19.8462111689"></trkpt><trkpt lat="53.6704626773" lon="19.7984770685"></trkpt><trkpt lat="53.670276599" lon="19.7980353422"></trkpt><trkpt lat="53.6700471863" lon="19.7976304125"></trkpt><trkpt lat="53.6676869262" lon="19.7919900622"></trkpt><trkpt lat="53.6660845578" lon="19.7890491039"></trkpt><trkpt lat="53.6655011773" lon="19.7875911556"></trkpt><trkpt lat="53.6651793122" lon="19.7869406361"></trkpt><trkpt lat="53.6638786085" lon="19.7851453163"></trkpt><trkpt lat="53.6614992376" lon="19.7811254393"></trkpt><trkpt lat="53.6613248941" lon="19.7800486162"></trkpt><trkpt lat="53.6593771912" lon="19.7714317683"></trkpt><trkpt lat="53.6585811619" lon="19.7703620698"></trkpt><trkpt lat="53.6567558348" lon="19.7683881316"></trkpt><trkpt lat="53.6513243616" lon="19.7607505415"></trkpt><trkpt lat="53.6505638715" lon="19.7583469469"></trkpt><trkpt lat="53.6467551347" lon="19.7408832517"></trkpt><trkpt lat="53.6468576454" lon="19.7374358587"></trkpt><trkpt lat="53.6449715495" lon="19.6757752262"></trkpt><trkpt lat="53.6442045216" lon="19.6744474489"></trkpt><trkpt lat="53.6436022818" lon="19.6729154047"></trkpt><trkpt lat="53.642842127" lon="19.6702362131"></trkpt><trkpt lat="53.6420508754" lon="19.6684400551"></trkpt><trkpt lat="53.6367814243" lon="19.6585052367"></trkpt><trkpt lat="53.6361127999" lon="19.6579503547"></trkpt><trkpt lat="53.6345788278" lon="19.6563054901"></trkpt><trkpt lat="53.633114174" lon="19.6543253493"></trkpt><trkpt lat="53.6235109437" lon="19.6382184327"></trkpt><trkpt lat="53.6227753479" lon="19.6363732405"></trkpt><trkpt lat="53.617466921" lon="19.6257722285"></trkpt><trkpt lat="53.6159832403" lon="19.6236862242"></trkpt><trkpt lat="53.6146935169" lon="19.6212865692"></trkpt><trkpt lat="53.6140030157" lon="19.6190912649"></trkpt><trkpt lat="53.5982526653" lon="19.5793237444"></trkpt><trkpt lat="53.5978467297" lon="19.5789670944"></trkpt><trkpt lat="53.5967026837" lon="19.5776932128"></trkpt><trkpt lat="53.5968631133" lon="19.5772949047"></trkpt><trkpt lat="53.5971254669" lon="19.5769486483"></trkpt><trkpt lat="53.5985358898" lon="19.574325867"></trkpt><trkpt lat="53.6008902825" lon="19.5689851698"></trkpt><trkpt lat="53.6009683181" lon="19.5685415156"></trkpt><trkpt lat="53.6009994149" lon="19.5680070855"></trkpt><trkpt lat="53.6009838246" lon="19.5624666475"></trkpt><trkpt lat="53.6004674155" lon="19.5619835146"></trkpt><trkpt lat="53.6001263559" lon="19.561843453"></trkpt><trkpt lat="53.5995270498" lon="19.561764244"></trkpt><trkpt lat="53.5992567334" lon="19.5616541058"></trkpt><trkpt lat="53.599065626" lon="19.5613314025"></trkpt><trkpt lat="53.5989967268" lon="19.5608626865"></trkpt><trkpt lat="53.5991083737" lon="19.5592724718"></trkpt><trkpt lat="53.5990914423" lon="19.558770312"></trkpt><trkpt lat="53.5989803821" lon="19.5583373867"></trkpt><trkpt lat="53.5986976605" lon="19.5577756315"></trkpt><trkpt lat="53.5983856022" lon="19.5574670937"></trkpt></trkseg></trk></gpx>